INDUSTRIA,SIGLA - 1,CATEGORIA,SIGLA -2 ,INSTALAÇÃO,SIGLA -3, PLANTA,SIGLA - 4,SEÇÃO (localização),SIGLA - 5,SISTEMA (função),SIGLA - 6,EQUIPAMENTO,SIGLA - 7,FOTOS - 7,TIPO,SIGLA - TIPO,LINHA ,SIGLA - LINHA ,COMPONENTE,SIGLA - 8,FOTOS - 8,SUBCOMPONENTE ,SIGLA - 9,N° DE SÉRIE,TAG NOVO,TAG ANTIGO,Column Filter,Column 19,Column 20,Column 21,Column 22,Column 23,Column 24,Column 25,Column 26,Column 27,Column 28,Column 29,Column 30,Column 31,Column 32,Column 33,Column 34,Column 35,Column 36,Column 37,Column 38,Column 39,Column 40,Column 41,Column 42,Column 43,Column 44,Column 45,Column 46,Column 47,Column 48,Column 49,Column 50,Column 51,Column 52,Column 53,Column 54,Column 55,Column 56,Column 57,Column 58,Column 59,Column 60,Column 65,Column 66,Column 67,Column 68,Column 69,Column 70,Column 71,Column 72
Transporte Marítmo,,OPERAÇÃO DE EMBARCAÇÕES DE PESQUISA,,EMBARCAÇÕES FROTA,,ATLÂNTICO SUL,AS,CASA DE MÁQUINAS,CMA,AR COMPRIMIDO,ACO,Compressor de Ar Atlas Copco,CMP-01,,ALTERNATIVO,ALT,AR,,,,,,,,,,1,,,,,,,,,,,,,,,,,,,,,,,,,,,,,,,,,,,,,,,,,,,,,,,,,,
Transporte Marítmo,,OPERAÇÃO DE EMBARCAÇÕES DE PESQUISA,,EMBARCAÇÕES FROTA,,ATLÂNTICO SUL,AS,CASA DE MÁQUINAS,CMA,AR COMPRIMIDO,ACO,Compressor de Ar Motomil,CMP-02,,ALTERNATIVO,ALT,AR,,,,,,,,,COM02,1,,,,,,,,,,,,,,,,,,,,,,,,,,,,,,,,,,,,,,,,,,,,,,,,,,
Transporte Marítmo,,OPERAÇÃO DE EMBARCAÇÕES DE PESQUISA,,EMBARCAÇÕES FROTA,,ATLÂNTICO SUL,AS,CASA DE MÁQUINAS,CMA,AR COMPRIMIDO,ACO,Vaso de Pressão,VSP-01,,ARMAZENAMENTO,ARM,AR,,Válvula globo de ar comprimido 1 ,,,,,,,AS01-SPP-VAS01,,,,,,,,,,,,,,,,,,,,,,,,,,,,,,,,,,,,,,,,,,,,,,,,,,,
Transporte Marítmo,,OPERAÇÃO DE EMBARCAÇÕES DE PESQUISA,,EMBARCAÇÕES FROTA,,ATLÂNTICO SUL,AS,CASA DE MÁQUINAS,CMA,AR COMPRIMIDO,ACO,Vaso de Pressão,VSP-01,,ARMAZENAMENTO,ARM,AR,,Válvula globo de ar comprimido 2,,,,,,,AS01-SPP-VAS01,,,,,,,,,,,,,,,,,,,,,,,,,,,,,,,,,,,,,,,,,,,,,,,,,,,
Transporte Marítmo,,OPERAÇÃO DE EMBARCAÇÕES DE PESQUISA,,EMBARCAÇÕES FROTA,,ATLÂNTICO SUL,AS,CASA DE MÁQUINAS,CMA,AR COMPRIMIDO,ACO,Vaso de Pressão,VSP-01,,ARMAZENAMENTO,ARM,AR,,Válvula globo de ar comprimido 3,,,,,,,AS01-SPP-VAS01,,,,,,,,,,,,,,,,,,,,,,,,,,,,,,,,,,,,,,,,,,,,,,,,,,,
Transporte Marítmo,,OPERAÇÃO DE EMBARCAÇÕES DE PESQUISA,,EMBARCAÇÕES FROTA,,ATLÂNTICO SUL,AS,CASA DE MÁQUINAS,CMA,AR COMPRIMIDO,ACO,Vaso de Pressão sistema de partida MCP,VSP-02,,ARMAZENAMENTO,ARM,AR,,Válvula globo de ar comprimido 1 ,,,,,,,AS01-SPP-VAS02,,,,,,,,,,,,,,,,,,,,,,,,,,,,,,,,,,,,,,,,,,,,,,,,,,,
Transporte Marítmo,,OPERAÇÃO DE EMBARCAÇÕES DE PESQUISA,,EMBARCAÇÕES FROTA,,ATLÂNTICO SUL,AS,CASA DE MÁQUINAS,CMA,AR COMPRIMIDO,ACO,Vaso de Pressão sistema de partida MCP,VSP-02,,ARMAZENAMENTO,ARM,AR,,Válvula globo de ar comprimido 2,,,,,,,AS01-SPP-VAS02,,,,,,,,,,,,,,,,,,,,,,,,,,,,,,,,,,,,,,,,,,,,,,,,,,,
Transporte Marítmo,,OPERAÇÃO DE EMBARCAÇÕES DE PESQUISA,,EMBARCAÇÕES FROTA,,ATLÂNTICO SUL,AS,CASA DE MÁQUINAS,CMA,AR COMPRIMIDO,ACO,Vaso de Pressão sistema de partida MCP,VSP-02,,ARMAZENAMENTO,ARM,AR,,Válvula globo de ar comprimido 3,,,,,,,AS01-SPP-VAS02,,,,,,,,,,,,,,,,,,,,,,,,,,,,,,,,,,,,,,,,,,,,,,,,,,,
Transporte Marítmo,,OPERAÇÃO DE EMBARCAÇÕES DE PESQUISA,,EMBARCAÇÕES FROTA,,ATLÂNTICO SUL,AS,CASA DE MÁQUINAS,CMA,SISTEMA DE ÓLEO COMBUSTÍVEL,SOC,Separadora Centrífuga de Óleo Diesel,SEO-01,,CENTRÍFUGO,CTG,DIESEL,,,,,,,,,,1,,,,,,,,,,,,,,,,,,,,,,,,,,,,,,,,,,,,,,,,,,,,,,,,,,
Transporte Marítmo,,OPERAÇÃO DE EMBARCAÇÕES DE PESQUISA,,EMBARCAÇÕES FROTA,,ATLÂNTICO SUL,AS,CASA DE MÁQUINAS,CMA,SISTEMA DE ARMAZENAMENTO E TRANSFERÊNCIA DE ÁGUA,SAX,Bomba Auxiliar (bomba água salgada lavagem convés),BAS-01,,CENTRÍFUGO,CTG,ÁGUA SALGADA,,,,,,,,,AS01-SAD-BAU01,,,,,,,,,,,,,,,,,,,,,,,,,,,,,,,,,,,,,,,,,,,,,,,,,,,
Transporte Marítmo,,OPERAÇÃO DE EMBARCAÇÕES DE PESQUISA,,EMBARCAÇÕES FROTA,,ATLÂNTICO SUL,AS,CASA DE MÁQUINAS,CMA,SISTEMA DE ARMAZENAMENTO E TRANSFERÊNCIA DE ÁGUA,SAX,Bomba de água doce 1 ,BAS-02,,CENTRÍFUGO,CTG,ÁGUA DOCE,,,,,,,,,AS01-SAD-BAS01,,,,,,,,,,,,,,,,,,,,,,,,,,,,,,,,,,,,,,,,,,,,,,,,,,,
Transporte Marítmo,,OPERAÇÃO DE EMBARCAÇÕES DE PESQUISA,,EMBARCAÇÕES FROTA,,ATLÂNTICO SUL,AS,CASA DE MÁQUINAS,CMA,SISTEMA DE ARMAZENAMENTO E TRANSFERÊNCIA DE ÁGUA,SAX,Bomba de água doce 2,BAS-03,,CENTRÍFUGO,CTG,ÁGUA DOCE,,,,,,,,,,,,,,,,,,,,,,,,,,,,,,,,,,,,,,,,,,,,,,,,,,,,,,,,,,,,
Transporte Marítmo,,OPERAÇÃO DE EMBARCAÇÕES DE PESQUISA,,EMBARCAÇÕES FROTA,,ATLÂNTICO SUL,AS,CASA DE MÁQUINAS,CMA,SISTEMA DE ARMAZENAMENTO E TRANSFERÊNCIA DE ÁGUA,SAX,Bomba de água salgada dos banheiros 1,BAS-04,,CENTRÍFUGO,CTG,ÁGUA SALGADA,,,,,,,,,AS01-SAD-BAS01,,,,,,,,,,,,,,,,,,,,,,,,,,,,,,,,,,,,,,,,,,,,,,,,,,,
Transporte Marítmo,,OPERAÇÃO DE EMBARCAÇÕES DE PESQUISA,,EMBARCAÇÕES FROTA,,ATLÂNTICO SUL,AS,CASA DE MÁQUINAS,CMA,SISTEMA DE ARMAZENAMENTO E TRANSFERÊNCIA DE ÁGUA,SAX,Bomba de água salgada dos banheiros 2,BAS-05,,CENTRÍFUGO,CTG,ÁGUA SALGADA,,,,,,,,,,,,,,,,,,,,,,,,,,,,,,,,,,,,,,,,,,,,,,,,,,,,,,,,,,,,
Transporte Marítmo,,OPERAÇÃO DE EMBARCAÇÕES DE PESQUISA,,EMBARCAÇÕES FROTA,,ATLÂNTICO SUL,AS,CASA DE MÁQUINAS,CMA,SISTEMA AUXILIAR,SAX,Bomba de esgoto sanitário 1,BAS-06,,CENTRÍFUGO,CTG,ÁGUA SALGADA,,,,,,,,,AS01-SAD-BAU01,,,,,,,,,,,,,,,,,,,,,,,,,,,,,,,,,,,,,,,,,,,,,,,,,,,
Transporte Marítmo,,OPERAÇÃO DE EMBARCAÇÕES DE PESQUISA,,EMBARCAÇÕES FROTA,,ATLÂNTICO SUL,AS,CASA DE MÁQUINAS,CMA,SISTEMA AUXILIAR,SAX,Bomba de esgoto sanitário 2,BAS-07,,ALTERNATIVO,ALT,ÁGUA SALGADA,,,,,,,,,AS01-SAD-BAU01,,,,,,,,,,,,,,,,,,,,,,,,,,,,,,,,,,,,,,,,,,,,,,,,,,,
Transporte Marítmo,,OPERAÇÃO DE EMBARCAÇÕES DE PESQUISA,,EMBARCAÇÕES FROTA,,ATLÂNTICO SUL,AS,CASA DE MÁQUINAS,CMA,SISTEMA AUXILIAR,SAX,Câmara fria,CAM-01,,REFRIGERAÇÃO,,FLUÍDO R-404A,,Evaporadora 1,EVA-01,,,,,,AS01-SAD-CAF01,,,,,,,,,,,,,,,,,,,,,,,,,,,,,,,,,,,,,,,,,,,,,,,,,,,
,,,,,,ATLÂNTICO SUL,AS,CASA DE MÁQUINAS,CMA,SISTEMA AUXILIAR,SAX,Câmara fria,CAM-01,,REFRIGERAÇÃO,,FLUÍDO R-404A,,Evaporadora 2,EVA-02,,,,,,,,,,,,,,,,,,,,,,,,,,,,,,,,,,,,,,,,,,,,,,,,,,,,,,,,,
,,,,,,ATLÂNTICO SUL,AS,CASA DE MÁQUINAS,CMA,SISTEMA AUXILIAR,SAX,Câmara fria,CAM-01,,REFRIGERAÇÃO,,FLUÍDO R-404A,,Condensadora ,CDN-01,,,,,,,,,,,,,,,,,,,,,,,,,,,,,,,,,,,,,,,,,,,,,,,,,,,,,,,,,
,,,,,,ATLÂNTICO SUL,AS,CASA DE MÁQUINAS,CMA,SISTEMA AUXILIAR,SAX,Válvula de descarga do Banheiro Masculino,VAL-01,,,,ÁGUA SALGADA,,,,,,,,,AS01-SAD-VAL01,,,,,,,,,,,,,,,,,,,,,,,,,,,,,,,,,,,,,,,,,,,,,,,,,,,
Transporte Marítmo,,OPERAÇÃO DE EMBARCAÇÕES DE PESQUISA,,EMBARCAÇÕES FROTA,,ATLÂNTICO SUL,AS,CASA DE MÁQUINAS,CMA,SISTEMA DE ARMAZENAMENTO E TRANSFERÊNCIA DE ÁGUA,SAX,Pressurizador Boiler de água doce,BOL-01,,ARMAZENAMENTO,ARM,ÁGUA DOCE,,,,,,,,,,,,,,,,,,,,,,,,,,,,,,,,,,,,,,,,,,,,,,,,,,,,,,,,,,,,
Transporte Marítmo,,OPERAÇÃO DE EMBARCAÇÕES DE PESQUISA,,EMBARCAÇÕES FROTA,,ATLÂNTICO SUL,AS,CASA DE MÁQUINAS,CMA,SISTEMA DE ARMAZENAMENTO E TRANSFERÊNCIA DE ÓLEO DIESEL,SAO,Bomba de Transferência de Diesel,BTD-01,,CENTRÍFUGO,CTG,DIESEL,,,,,,,,,,,,,,,,,,,,,,,,,,,,,,,,,,,,,,,,,,,,,,,,,,,,,,,,,,,,
Transporte Marítmo,,OPERAÇÃO DE EMBARCAÇÕES DE PESQUISA,,EMBARCAÇÕES FROTA,,ATLÂNTICO SUL,AS,CASA DE MÁQUINAS,CMA,SISTEMA DE ARMAZENAMENTO E TRANSFERÊNCIA DE ÓLEO DIESEL,SAO,Tanque 5,TAN-05,,ARMAZENAMENTO,ARM,DIESEL,,,,,,,,,,,,,,,,,,,,,,,,,,,,,,,,,,,,,,,,,,,,,,,,,,,,,,,,,,,,
Transporte Marítmo,,OPERAÇÃO DE EMBARCAÇÕES DE PESQUISA,,EMBARCAÇÕES FROTA,,ATLÂNTICO SUL,AS,CASA DE MÁQUINAS,CMA,SISTEMA DE ARMAZENAMENTO E TRANSFERÊNCIA DE ÓLEO DIESEL,SAO,Tanque 6,TAN-06,,ARMAZENAMENTO,ARM,DIESEL,,,,,,,,,,,,,,,,,,,,,,,,,,,,,,,,,,,,,,,,,,,,,,,,,,,,,,,,,,,,
Transporte Marítmo,,OPERAÇÃO DE EMBARCAÇÕES DE PESQUISA,,EMBARCAÇÕES FROTA,,ATLÂNTICO SUL,AS,CASA DE MÁQUINAS,CMA,SISTEMA HIDRÁULICO,SHI,Vaso de refrigeração do óleo hidráulico TROCADOR DE CALOR,VSP-03,,ARMAZENAMENTO,ARM,ÓLEO HIDRÁULICO E ÁGUA SALGADA,,,,,,,,,,1,,,,,,,,,,,,,,,,,,,,,,,,,,,,,,,,,,,,,,,,,,,,,,,,,,
Transporte Marítmo,,OPERAÇÃO DE EMBARCAÇÕES DE PESQUISA,,EMBARCAÇÕES FROTA,,ATLÂNTICO SUL,AS,CASA DE MÁQUINAS,CMA,SISTEMA DE CLIMATIZAÇÃO,SDC,Insufladores,INS-01,,AXIAL,AXL,AR,,,,,,,,,AS01-SAD-INS01,,,,,,,,,,,,,,,,,,,,,,,,,,,,,,,,,,,,,,,,,,,,,,,,,,,
Transporte Marítmo,,OPERAÇÃO DE EMBARCAÇÕES DE PESQUISA,,EMBARCAÇÕES FROTA,,ATLÂNTICO SUL,AS,CASA DE MÁQUINAS,CMA,SISTEMA DE CLIMATIZAÇÃO,SDC,Insufladores,INS-02,,AXIAL,AXL,AR,,,,,,,,,AS01-SAD-INS01,,,,,,,,,,,,,,,,,,,,,,,,,,,,,,,,,,,,,,,,,,,,,,,,,,,
Transporte Marítmo,,OPERAÇÃO DE EMBARCAÇÕES DE PESQUISA,,EMBARCAÇÕES FROTA,,ATLÂNTICO SUL,AS,CASA DE MÁQUINAS,CMA,SISTEMA DE ESGOTO E LASTRO,SEL,Bomba de Esgote (esgotamento dos porões) ,BES-01,,CENTRÍFUGO,CTG,ÁGUA SALGADA,,,,,,,,,AS01-SEL-BES01 ,,,,,,,,,,,,,,,,,,,,,,,,,,,,,,,,,,,,,,,,,,,,,,,,,,,
Transporte Marítmo,,OPERAÇÃO DE EMBARCAÇÕES DE PESQUISA,,EMBARCAÇÕES FROTA,,ATLÂNTICO SUL,AS,CASA DE MÁQUINAS,CMA,SISTEMA DE ESGOTO E LASTRO,SEL,Bomba de Esgote (Separadora água óleo),BES-01,,CENTRÍFUGO,CTG,ÁGUA SALGADA,,,,,,,,,AS01-SEL-BES01 ,,,,,,,,,,,,,,,,,,,,,,,,,,,,,,,,,,,,,,,,,,,,,,,,,,,
Transporte Marítmo,,OPERAÇÃO DE EMBARCAÇÕES DE PESQUISA,,EMBARCAÇÕES FROTA,,ATLÂNTICO SUL,AS,CASA DE MÁQUINAS,CMA,SISTEMA DE ESGOTO E LASTRO,SEL,Bomba de Lastro,BLA-01,,CENTRÍFUGO,CTG,ÁGUA SALGADA,,,,,,,,,AS01-SEL-BLA01,,,,,,,,,,,,,,,,,,,,,,,,,,,,,,,,,,,,,,,,,,,,,,,,,,,
Transporte Marítmo,,OPERAÇÃO DE EMBARCAÇÕES DE PESQUISA,,EMBARCAÇÕES FROTA,,ATLÂNTICO SUL,AS,CASA DE MÁQUINAS,CMA,SISTEMA DE ESGOTO E LASTRO,SEL,Piano de válvula,VAE-01,,,,ÁGUA SALGADA,,,,,,,,,AS01-SEL-PVE01,,,,,,,,,,,,,,,,,,,,,,,,,,,,,,,,,,,,,,,,,,,,,,,,,,,
Transporte Marítmo,,OPERAÇÃO DE EMBARCAÇÕES DE PESQUISA,,EMBARCAÇÕES FROTA,,ATLÂNTICO SUL,AS,CASA DE MÁQUINAS,CMA,SISTEMA DE ESGOTO E LASTRO,SEL,Válvula de esgotamento porões 1,,,ESFERA,,ÁGUA SALGADA,,,,,,,,,AS01-SEL-PVE01,,,,,,,,,,,,,,,,,,,,,,,,,,,,,,,,,,,,,,,,,,,,,,,,,,,
,,,,,,ATLÂNTICO SUL,AS,CASA DE MÁQUINAS,CMA,SISTEMA DE ESGOTO E LASTRO,SEL,Válvula de esgotamento porões 2,,,ESFERA,,ÁGUA SALGADA,,,,,,,,,AS01-SAD-VAL01,,,,,,,,,,,,,,,,,,,,,,,,,,,,,,,,,,,,,,,,,,,,,,,,,,,
Transporte Marítmo,,OPERAÇÃO DE EMBARCAÇÕES DE PESQUISA,,EMBARCAÇÕES FROTA,,ATLÂNTICO SUL,AS,CASA DE MÁQUINAS,CMA,SISTEMA DE ESGOTO E LASTRO,SEL,Válvula de esgotamento porões 3,,,ESFERA,,ÁGUA SALGADA,,,,,,,,,AS01-SAD-VAL01,,,,,,,,,,,,,,,,,,,,,,,,,,,,,,,,,,,,,,,,,,,,,,,,,,,
Transporte Marítmo,,OPERAÇÃO DE EMBARCAÇÕES DE PESQUISA,,EMBARCAÇÕES FROTA,,ATLÂNTICO SUL,AS,CASA DE MÁQUINAS,CMA,SISTEMA DE ESGOTO E LASTRO,SEL,Válvula de esgotamento porões 4,,,ESFERA,,ÁGUA SALGADA,,,,,,,,,AS01-SAD-VAL01,,,,,,,,,,,,,,,,,,,,,,,,,,,,,,,,,,,,,,,,,,,,,,,,,,,
Transporte Marítmo,,OPERAÇÃO DE EMBARCAÇÕES DE PESQUISA,,EMBARCAÇÕES FROTA,,ATLÂNTICO SUL,AS,CASA DE MÁQUINAS,CMA,SISTEMA DE ESGOTO E LASTRO,SEL,Válvula de esgotamento porões 5,,,ESFERA,,ÁGUA SALGADA,,,,,,,,,AS01-SAD-VAL01,,,,,,,,,,,,,,,,,,,,,,,,,,,,,,,,,,,,,,,,,,,,,,,,,,,
Transporte Marítmo,,OPERAÇÃO DE EMBARCAÇÕES DE PESQUISA,,EMBARCAÇÕES FROTA,,ATLÂNTICO SUL,AS,CASA DE MÁQUINAS,CMA,SISTEMA DE ESGOTO E LASTRO,SEL,Válvula de esgotamento porões 6,,,ESFERA,,ÁGUA SALGADA,,,,,,,,,AS01-SAD-VAL01,,,,,,,,,,,,,,,,,,,,,,,,,,,,,,,,,,,,,,,,,,,,,,,,,,,
Transporte Marítmo,,OPERAÇÃO DE EMBARCAÇÕES DE PESQUISA,,EMBARCAÇÕES FROTA,,ATLÂNTICO SUL,AS,CASA DE MÁQUINAS,CMA,SISTEMA DE ESGOTO E LASTRO,SEL,Válvula de esgotamento porões 7,,,GAVETA,,ÁGUA SALGADA,,,,,,,,,AS01-SAD-VAL01,,,,,,,,,,,,,,,,,,,,,,,,,,,,,,,,,,,,,,,,,,,,,,,,,,,
Transporte Marítmo,,OPERAÇÃO DE EMBARCAÇÕES DE PESQUISA,,EMBARCAÇÕES FROTA,,ATLÂNTICO SUL,AS,CASA DE MÁQUINAS,CMA,SISTEMA DE ESGOTO E LASTRO,SEL,Válvula de esgotamento porões 8,,,GAVETA,,ÁGUA SALGADA,,,,,,,,,AS01-SAD-VAL01,,,,,,,,,,,,,,,,,,,,,,,,,,,,,,,,,,,,,,,,,,,,,,,,,,,
Transporte Marítmo,,OPERAÇÃO DE EMBARCAÇÕES DE PESQUISA,,EMBARCAÇÕES FROTA,,ATLÂNTICO SUL,AS,CASA DE MÁQUINAS,CMA,SISTEMA DE ESGOTO E LASTRO,SEL,Válvula de esgotamento porões 9,,,GAVETA,,ÁGUA SALGADA,,,,,,,,,AS01-SAD-VAL01,,,,,,,,,,,,,,,,,,,,,,,,,,,,,,,,,,,,,,,,,,,,,,,,,,,
Transporte Marítmo,,OPERAÇÃO DE EMBARCAÇÕES DE PESQUISA,,EMBARCAÇÕES FROTA,,ATLÂNTICO SUL,AS,CASA DE MÁQUINAS,CMA,SISTEMA DE ESGOTO E LASTRO,SEL,Válvula de esgotamento porões 10,,,GAVETA,,ÁGUA SALGADA,,,,,,,,,AS01-SAD-VAL01,,,,,,,,,,,,,,,,,,,,,,,,,,,,,,,,,,,,,,,,,,,,,,,,,,,
Transporte Marítmo,,OPERAÇÃO DE EMBARCAÇÕES DE PESQUISA,,EMBARCAÇÕES FROTA,,ATLÂNTICO SUL,AS,CASA DE MÁQUINAS,CMA,SISTEMA DE ESGOTO E LASTRO,SEL,Válvula de esgotamento porões 11,,,GAVETA,,ÁGUA SALGADA,,,,,,,,,AS01-SAD-VAL01,,,,,,,,,,,,,,,,,,,,,,,,,,,,,,,,,,,,,,,,,,,,,,,,,,,
Transporte Marítmo,,OPERAÇÃO DE EMBARCAÇÕES DE PESQUISA,,EMBARCAÇÕES FROTA,,ATLÂNTICO SUL,AS,CASA DE MÁQUINAS,CMA,SISTEMA DE ESGOTO E LASTRO,SEL,Válvula de esgotamento porões 12,,,GAVETA,,ÁGUA SALGADA,,,,,,,,,AS01-SAD-VAL01,,,,,,,,,,,,,,,,,,,,,,,,,,,,,,,,,,,,,,,,,,,,,,,,,,,
Transporte Marítmo,,OPERAÇÃO DE EMBARCAÇÕES DE PESQUISA,,EMBARCAÇÕES FROTA,,ATLÂNTICO SUL,AS,CASA DE MÁQUINAS,CMA,SISTEMA DE GOVERNO NÁUTICO,SGN,Bomba Hidráulica do Leme,BOM-02,,HIDRÁULICO,HID,ÁGUA SALGADA,,,,,,,,,,,,,,,,,,,,,,,,,,,,,,,,,,,,,,,,,,,,,,,,,,,,,,,,,,,,
Transporte Marítmo,,OPERAÇÃO DE EMBARCAÇÕES DE PESQUISA,,EMBARCAÇÕES FROTA,,ATLÂNTICO SUL,AS,CASA DE MÁQUINAS,CMA,SISTEMA DE GOVERNO NÁUTICO,SGN,Leme,LEM-01,,REFRIGERAÇÃO,,ÁGUA SALGADA,,,,,,,,,,,,,,,,,,,,,,,,,,,,,,,,,,,,,,,,,,,,,,,,,,,,,,,,,,,,
Transporte Marítmo,,OPERAÇÃO DE EMBARCAÇÕES DE PESQUISA,,EMBARCAÇÕES FROTA,,ATLÂNTICO SUL,AS,CASA DE MÁQUINAS,CMA,SISTEMA DE MOVIMENTAÇÃO,MOV,Munck,GOC-01,,HIDRÁULICO,HID,,,,,,,,,,AS01-SMC-GOC01,1,,,,,,,,,,,,,,,,,,,,,,,,,,,,,,,,,,,,,,,,,,,,,,,,,,
Transporte Marítmo,,OPERAÇÃO DE EMBARCAÇÕES DE PESQUISA,,EMBARCAÇÕES FROTA,,ATLÂNTICO SUL,AS,CASA DE MÁQUINAS,CMA,SISTEMA DE MOVIMENTAÇÃO,MOV,Guincho oceanográfico,GOC-01,,HIDRÁULICO,HID,,,,,,,,,,AS01-SMC-GOC01,1,,,,,,,,,,,,,,,,,,,,,,,,,,,,,,,,,,,,,,,,,,,,,,,,,,
Transporte Marítmo,,OPERAÇÃO DE EMBARCAÇÕES DE PESQUISA,,EMBARCAÇÕES FROTA,,ATLÂNTICO SUL,AS,CASA DE MÁQUINAS,CMA,SISTEMA DE MOVIMENTAÇÃO,MOV,Caixa redutora do guincho,CRE-01,,,,,,,,,,,,,,1,,,,,,,,,,,,,,,,,,,,,,,,,,,,,,,,,,,,,,,,,,,,,,,,,,
Transporte Marítmo,,OPERAÇÃO DE EMBARCAÇÕES DE PESQUISA,,EMBARCAÇÕES FROTA,,ATLÂNTICO SUL,AS,CASA DE MÁQUINAS,CMA,SISTEMA DE MOVIMENTAÇÃO,MOV,Unidade Hidráulica ,UHI-01,,HIDRÁULICO,HID,ÓLEO HIDRÁULICO,,Filtro de Ar,,,,,,,,,,,,,,,,,,,,,,,,,,,,,,,,,,,,,,,,,,,,,,,,,,,,,,,,,,
Transporte Marítmo,,OPERAÇÃO DE EMBARCAÇÕES DE PESQUISA,,EMBARCAÇÕES FROTA,,ATLÂNTICO SUL,AS,CASA DE MÁQUINAS,CMA,SISTEMA DE MOVIMENTAÇÃO,MOV,Unidade Hidráulica ,UHI-01,,HIDRÁULICO,HID,ÓLEO HIDRÁULICO,,Filtro Duplo de Combustível,,,,,,,,,,,,,,,,,,,,,,,,,,,,,,,,,,,,,,,,,,,,,,,,,,,,,,,,,,
Transporte Marítmo,,OPERAÇÃO DE EMBARCAÇÕES DE PESQUISA,,EMBARCAÇÕES FROTA,,ATLÂNTICO SUL,AS,CASA DE MÁQUINAS,CMA,SISTEMA DE MOVIMENTAÇÃO,MOV,Unidade Hidráulica ,UHI-01,,HIDRÁULICO,HID,ÓLEO HIDRÁULICO,,Filtro de óleo lubrificante,,,,,,,,,,,,,,,,,,,,,,,,,,,,,,,,,,,,,,,,,,,,,,,,,,,,,,,,,,
Transporte Marítmo,,OPERAÇÃO DE EMBARCAÇÕES DE PESQUISA,,EMBARCAÇÕES FROTA,,ATLÂNTICO SUL,AS,CASA DE MÁQUINAS,CMA,SISTEMA DE MOVIMENTAÇÃO,MOV,Unidade Hidráulica ,UHI-01,,HIDRÁULICO,HID,ÓLEO HIDRÁULICO,,Motor de combustão,,,,,,,,,,,,,,,,,,,,,,,,,,,,,,,,,,,,,,,,,,,,,,,,,,,,,,,,,,
Transporte Marítmo,,OPERAÇÃO DE EMBARCAÇÕES DE PESQUISA,,EMBARCAÇÕES FROTA,,ATLÂNTICO SUL,AS,CASA DE MÁQUINAS,CMA,SISTEMA DE MOVIMENTAÇÃO,MOV,Unidade Hidráulica ,UHI-01,,HIDRÁULICO,HID,ÓLEO HIDRÁULICO,,Bomba hidráulica,,,,,,,,,,,,,,,,,,,,,,,,,,,,,,,,,,,,,,,,,,,,,,,,,,,,,,,,,,
Transporte Marítmo,,OPERAÇÃO DE EMBARCAÇÕES DE PESQUISA,,EMBARCAÇÕES FROTA,,ATLÂNTICO SUL,AS,CASA DE MÁQUINAS,CMA,SISTEMA DE MOVIMENTAÇÃO,MOV,Unidade Hidráulica ,UHI-01,,HIDRÁULICO,HID,ÓLEO HIDRÁULICO,,Tanque de combustível,,,,,,,,,,,,,,,,,,,,,,,,,,,,,,,,,,,,,,,,,,,,,,,,,,,,,,,,,,
Transporte Marítmo,,OPERAÇÃO DE EMBARCAÇÕES DE PESQUISA,,EMBARCAÇÕES FROTA,,ATLÂNTICO SUL,AS,CASA DE MÁQUINAS,CMA,SISTEMA DE MOVIMENTAÇÃO,MOV,Unidade Hidráulica ,UHI-01,,HIDRÁULICO,HID,ÓLEO HIDRÁULICO,,Válvula de injeção,,,,,,,,,,,,,,,,,,,,,,,,,,,,,,,,,,,,,,,,,,,,,,,,,,,,,,,,,,
Transporte Marítmo,,OPERAÇÃO DE EMBARCAÇÕES DE PESQUISA,,EMBARCAÇÕES FROTA,,ATLÂNTICO SUL,AS,CASA DE MÁQUINAS,CMA,SISTEMA DE PROPULSÃO,SPP,Caixa Redutora MTP-01,CRE-03,,,,,,,,,,,,,,1,,,,,,,,,,,,,,,,,,,,,,,,,,,,,,,,,,,,,,,,,,,,,,,,,,
Transporte Marítmo,,OPERAÇÃO DE EMBARCAÇÕES DE PESQUISA,,EMBARCAÇÕES FROTA,,ATLÂNTICO SUL,AS,CASA DE MÁQUINAS,CMA,SISTEMA DE PROPULSÃO,SPP,Eixo propulsor,,,,,,,,,,,,,,,,,,,,,,,,,,,,,,,,,,,,,,,,,,,,,,,,,,,,,,,,,,,,,,,,,
Transporte Marítmo,,OPERAÇÃO DE EMBARCAÇÕES DE PESQUISA,,EMBARCAÇÕES FROTA,,ATLÂNTICO SUL,AS,CASA DE MÁQUINAS,CMA,SISTEMA DE PROPULSÃO,SPP,Hélice,,,,,,,,,,,,,,,,,,,,,,,,,,,,,,,,,,,,,,,,,,,,,,,,,,,,,,,,,,,,,,,,,
Transporte Marítmo,,OPERAÇÃO DE EMBARCAÇÕES DE PESQUISA,,EMBARCAÇÕES FROTA,,ATLÂNTICO SUL,AS,CASA DE MÁQUINAS,CMA,SISTEMA DE PROPULSÃO,SPP,Motor Auxiliar de Emergência Scania DS11,MTA-04,,COMBUSTÃO,CMB,DIESEL,,Bateria 01,,,,,,,AS01-SMP-MCA04,1,,,,,,,,,,,,,,,,,,,,,,,,,,,,,,,,,,,,,,,,,,,,,,,,,,
Transporte Marítmo,,OPERAÇÃO DE EMBARCAÇÕES DE PESQUISA,,EMBARCAÇÕES FROTA,,ATLÂNTICO SUL,AS,CASA DE MÁQUINAS,CMA,SISTEMA DE PROPULSÃO,SPP,Motor Auxiliar de Emergência Scania DS11,MTA-04,,COMBUSTÃO,CMB,DIESEL,,Bateria 02,,,,,,,AS01-SMP-MCA04,1,,,,,,,,,,,,,,,,,,,,,,,,,,,,,,,,,,,,,,,,,,,,,,,,,,
Transporte Marítmo,,OPERAÇÃO DE EMBARCAÇÕES DE PESQUISA,,EMBARCAÇÕES FROTA,,ATLÂNTICO SUL,AS,CASA DE MÁQUINAS,CMA,SISTEMA DE PROPULSÃO,SPP,Motor Auxiliar MWM TD 225.6 - MCA 2,MTA-02,,COMBUSTÃO,CMB,DIESEL,,Bateria 01,,,,,,,AS01-SMP-MCA02,1,,,,,,,,,,,,,,,,,,,,,,,,,,,,,,,,,,,,,,,,,,,,,,,,,,
Transporte Marítmo,,OPERAÇÃO DE EMBARCAÇÕES DE PESQUISA,,EMBARCAÇÕES FROTA,,ATLÂNTICO SUL,AS,CASA DE MÁQUINAS,CMA,SISTEMA DE PROPULSÃO,SPP,Motor Auxiliar MWM TD 225.6 - MCA 2,MTA-02,,COMBUSTÃO,CMB,DIESEL,,Bateria 02,,,,,,,AS01-SMP-MCA02,1,,,,,,,,,,,,,,,,,,,,,,,,,,,,,,,,,,,,,,,,,,,,,,,,,,
Transporte Marítmo,,OPERAÇÃO DE EMBARCAÇÕES DE PESQUISA,,EMBARCAÇÕES FROTA,,ATLÂNTICO SUL,AS,CASA DE MÁQUINAS,CMA,SISTEMA DE PROPULSÃO,SPP,Motor Auxiliar MWM TD 225.6 - MCA 3,MTA-03,,COMBUSTÃO,CMB,DIESEL,,,,,,,,,AS01-SMP-MCA03,1,,,,,,,,,,,,,,,,,,,,,,,,,,,,,,,,,,,,,,,,,,,,,,,,,,
Transporte Marítmo,,OPERAÇÃO DE EMBARCAÇÕES DE PESQUISA,,EMBARCAÇÕES FROTA,,ATLÂNTICO SUL,AS,CASA DE MÁQUINAS,CMA,SISTEMA DE PROPULSÃO,SPP,Motor de Combustão Auxiliar(V12) MWM D232,MTA-01,,COMBUSTÃO,CMB,DIESEL,,Bateria 01,,,,,,,AS01-SMP-MCA01,1,,,,,,,,,,,,,,,,,,,,,,,,,,,,,,,,,,,,,,,,,,,,,,,,,,
Transporte Marítmo,,OPERAÇÃO DE EMBARCAÇÕES DE PESQUISA,,EMBARCAÇÕES FROTA,,ATLÂNTICO SUL,AS,CASA DE MÁQUINAS,CMA,SISTEMA DE PROPULSÃO,SPP,Motor de Combustão Auxiliar(V12) MWM D232,MTA-01,,COMBUSTÃO,CMB,DIESEL,,Bateria 02,,,,,,,AS01-SMP-MCA01,1,,,,,,,,,,,,,,,,,,,,,,,,,,,,,,,,,,,,,,,,,,,,,,,,,,
Transporte Marítmo,,OPERAÇÃO DE EMBARCAÇÕES DE PESQUISA,,EMBARCAÇÕES FROTA,,ATLÂNTICO SUL,AS,CASA DE MÁQUINAS,CMA,SISTEMA DE PROPULSÃO,SPP,Motor de Combustão Principal MWM TD440-8,MTP-01,,COMBUSTÃO,CMB,DIESEL,,Bateria 01,,,,,,,AS01-SPP-MCP01,1,,,,,,,,,,,,,,,,,,,,,,,,,,,,,,,,,,,,,,,,,,,,,,,,,,
Transporte Marítmo,,OPERAÇÃO DE EMBARCAÇÕES DE PESQUISA,,EMBARCAÇÕES FROTA,,ATLÂNTICO SUL,AS,CASA DE MÁQUINAS,CMA,SISTEMA DE PROPULSÃO,SPP,Motor de Combustão Principal MWM TD440-8,MTP-01,,COMBUSTÃO,CMB,DIESEL,,Bateria 02,,,,,,,AS01-SPP-MCP01,1,,,,,,,,,,,,,,,,,,,,,,,,,,,,,,,,,,,,,,,,,,,,,,,,,,
Transporte Marítmo,,OPERAÇÃO DE EMBARCAÇÕES DE PESQUISA,,EMBARCAÇÕES FROTA,,ATLÂNTICO SUL,AS,CASA DE MÁQUINAS,CMA,SISTEMA DE PROPULSÃO,SPP,Motor de Combustão Principal MWM TD440-8,MTP-01,,COMBUSTÃO,CMB,DIESEL,,Bico injetor 1,,,,,,,AS01-SPP-MCP01,1,,,,,,,,,,,,,,,,,,,,,,,,,,,,,,,,,,,,,,,,,,,,,,,,,,
Transporte Marítmo,,OPERAÇÃO DE EMBARCAÇÕES DE PESQUISA,,EMBARCAÇÕES FROTA,,ATLÂNTICO SUL,AS,CASA DE MÁQUINAS,CMA,SISTEMA DE PROPULSÃO,SPP,Motor de Combustão Principal MWM TD440-8,MTP-01,,COMBUSTÃO,CMB,DIESEL,,Bico injetor 2,,,,,,,AS01-SPP-MCP01,1,,,,,,,,,,,,,,,,,,,,,,,,,,,,,,,,,,,,,,,,,,,,,,,,,,
Transporte Marítmo,,OPERAÇÃO DE EMBARCAÇÕES DE PESQUISA,,EMBARCAÇÕES FROTA,,ATLÂNTICO SUL,AS,CASA DE MÁQUINAS,CMA,SISTEMA DE PROPULSÃO,SPP,Motor de Combustão Principal MWM TD440-8,MTP-01,,COMBUSTÃO,CMB,DIESEL,,Bico injetor 3,,,,,,,AS01-SPP-MCP01,1,,,,,,,,,,,,,,,,,,,,,,,,,,,,,,,,,,,,,,,,,,,,,,,,,,
Transporte Marítmo,,OPERAÇÃO DE EMBARCAÇÕES DE PESQUISA,,EMBARCAÇÕES FROTA,,ATLÂNTICO SUL,AS,CASA DE MÁQUINAS,CMA,SISTEMA DE PROPULSÃO,SPP,Motor de Combustão Principal MWM TD440-8,MTP-01,,COMBUSTÃO,CMB,DIESEL,,Bico injetor 4,,,,,,,AS01-SPP-MCP01,1,,,,,,,,,,,,,,,,,,,,,,,,,,,,,,,,,,,,,,,,,,,,,,,,,,
Transporte Marítmo,,OPERAÇÃO DE EMBARCAÇÕES DE PESQUISA,,EMBARCAÇÕES FROTA,,ATLÂNTICO SUL,AS,CASA DE MÁQUINAS,CMA,SISTEMA DE PROPULSÃO,SPP,Motor de Combustão Principal MWM TD440-8,MTP-01,,COMBUSTÃO,CMB,DIESEL,,Bico injetor 5,,,,,,,AS01-SPP-MCP01,1,,,,,,,,,,,,,,,,,,,,,,,,,,,,,,,,,,,,,,,,,,,,,,,,,,
Transporte Marítmo,,OPERAÇÃO DE EMBARCAÇÕES DE PESQUISA,,EMBARCAÇÕES FROTA,,ATLÂNTICO SUL,AS,CASA DE MÁQUINAS,CMA,SISTEMA DE PROPULSÃO,SPP,Motor de Combustão Principal MWM TD440-8,MTP-01,,COMBUSTÃO,CMB,DIESEL,,Bico injetor 6,,,,,,,AS01-SPP-MCP01,1,,,,,,,,,,,,,,,,,,,,,,,,,,,,,,,,,,,,,,,,,,,,,,,,,,
Transporte Marítmo,,OPERAÇÃO DE EMBARCAÇÕES DE PESQUISA,,EMBARCAÇÕES FROTA,,ATLÂNTICO SUL,AS,CASA DE MÁQUINAS,CMA,SISTEMA DE PROPULSÃO,SPP,Motor de Combustão Principal MWM TD440-8,MTP-01,,COMBUSTÃO,CMB,DIESEL,,Bico injetor 7,,,,,,,AS01-SPP-MCP01,1,,,,,,,,,,,,,,,,,,,,,,,,,,,,,,,,,,,,,,,,,,,,,,,,,,
Transporte Marítmo,,OPERAÇÃO DE EMBARCAÇÕES DE PESQUISA,,EMBARCAÇÕES FROTA,,ATLÂNTICO SUL,AS,CASA DE MÁQUINAS,CMA,SISTEMA DE PROPULSÃO,SPP,Motor de Combustão Principal MWM TD440-8,MTP-01,,COMBUSTÃO,CMB,DIESEL,,Bico injetor 8,,,,,,,AS01-SPP-MCP01,1,,,,,,,,,,,,,,,,,,,,,,,,,,,,,,,,,,,,,,,,,,,,,,,,,,
Transporte Marítmo,,OPERAÇÃO DE EMBARCAÇÕES DE PESQUISA,,EMBARCAÇÕES FROTA,,ATLÂNTICO SUL,AS,CASA DE MÁQUINAS,CMA,SISTEMA DE PROPULSÃO,SPP,Motor de Combustão Principal MWM TD440-8,MTP-01,,COMBUSTÃO,CMB,DIESEL,,Filtro de combustível,,,,,,,AS01-SPP-MCP01,1,,,,,,,,,,,,,,,,,,,,,,,,,,,,,,,,,,,,,,,,,,,,,,,,,,
Transporte Marítmo,,OPERAÇÃO DE EMBARCAÇÕES DE PESQUISA,,EMBARCAÇÕES FROTA,,ATLÂNTICO SUL,AS,CASA DE MÁQUINAS,CMA,SISTEMA DE PROPULSÃO,SPP,Motor de Combustão Principal MWM TD440-8,MTP-01,,COMBUSTÃO,CMB,DIESEL,,Filtro de óleo lubrificante,,,,,,,AS01-SPP-MCP01,1,,,,,,,,,,,,,,,,,,,,,,,,,,,,,,,,,,,,,,,,,,,,,,,,,,
Transporte Marítmo,,OPERAÇÃO DE EMBARCAÇÕES DE PESQUISA,,EMBARCAÇÕES FROTA,,ATLÂNTICO SUL,AS,CASA DE MÁQUINAS,CMA,SISTEMA DE PROPULSÃO,SPP,Motor de Combustão Principal MWM TD440-8,MTP-01,,COMBUSTÃO,CMB,DIESEL,,Resfriador de óleo lubrificante,,,,,,,AS01-SPP-MCP01,1,,,,,,,,,,,,,,,,,,,,,,,,,,,,,,,,,,,,,,,,,,,,,,,,,,
Transporte Marítmo,,OPERAÇÃO DE EMBARCAÇÕES DE PESQUISA,,EMBARCAÇÕES FROTA,,ATLÂNTICO SUL,AS,CASA DE MÁQUINAS,CMA,SISTEMA DE PROPULSÃO,SPP,Motor de Combustão Principal MWM TD440-8,MTP-01,,COMBUSTÃO,CMB,DIESEL,,Filtro de ar do superalimentador,,,,,,,AS01-SPP-MCP01,1,,,,,,,,,,,,,,,,,,,,,,,,,,,,,,,,,,,,,,,,,,,,,,,,,,
Transporte Marítmo,,OPERAÇÃO DE EMBARCAÇÕES DE PESQUISA,,EMBARCAÇÕES FROTA,,ATLÂNTICO SUL,AS,CASA DE MÁQUINAS,CMA,SISTEMA DE PROPULSÃO,SPP,Motor de Combustão Principal MWM TD440-8,MTP-01,,COMBUSTÃO,CMB,DIESEL,,Radiador,,,,,,,AS01-SPP-MCP01,1,,,,,,,,,,,,,,,,,,,,,,,,,,,,,,,,,,,,,,,,,,,,,,,,,,
Transporte Marítmo,,OPERAÇÃO DE EMBARCAÇÕES DE PESQUISA,,EMBARCAÇÕES FROTA,,ATLÂNTICO SUL,AS,CASA DE MÁQUINAS,CMA,SISTEMA DE PROPULSÃO,SPP,Motor de Combustão Principal MWM TD440-8,MTP-01,,COMBUSTÃO,CMB,DIESEL,,Comando de válvulas,,,,,,,AS01-SPP-MCP01,1,,,,,,,,,,,,,,,,,,,,,,,,,,,,,,,,,,,,,,,,,,,,,,,,,,
Transporte Marítmo,,OPERAÇÃO DE EMBARCAÇÕES DE PESQUISA,,EMBARCAÇÕES FROTA,,ATLÂNTICO SUL,AS,CASA DE MÁQUINAS,CMA,SISTEMA DE PROPULSÃO,SPP,Motor de Combustão Principal MWM TD440-8,MTP-01,,COMBUSTÃO,CMB,DIESEL,,Comando de válvulas,,,,,,,AS01-SPP-MCP01,1,,,,,,,,,,,,,,,,,,,,,,,,,,,,,,,,,,,,,,,,,,,,,,,,,,
Transporte Marítmo,,OPERAÇÃO DE EMBARCAÇÕES DE PESQUISA,,EMBARCAÇÕES FROTA,,ATLÂNTICO SUL,AS,CASA DE MÁQUINAS,CMA,SISTEMA DE PROPULSÃO,SPP,Motor de Combustão Principal MWM TD440-8,MTP-01,,COMBUSTÃO,CMB,DIESEL,,Comando de válvulas,,,,,,,AS01-SPP-MCP01,1,,,,,,,,,,,,,,,,,,,,,,,,,,,,,,,,,,,,,,,,,,,,,,,,,,
Transporte Marítmo,,OPERAÇÃO DE EMBARCAÇÕES DE PESQUISA,,EMBARCAÇÕES FROTA,,ATLÂNTICO SUL,AS,CASA DE MÁQUINAS,CMA,SISTEMA DE PROPULSÃO,SPP,Motor de Combustão Principal MWM TD440-8,MTP-01,,COMBUSTÃO,CMB,DIESEL,,Comando de válvulas,,,,,,,AS01-SPP-MCP01,1,,,,,,,,,,,,,,,,,,,,,,,,,,,,,,,,,,,,,,,,,,,,,,,,,,
Transporte Marítmo,,OPERAÇÃO DE EMBARCAÇÕES DE PESQUISA,,EMBARCAÇÕES FROTA,,ATLÂNTICO SUL,AS,CASA DE MÁQUINAS,CMA,SISTEMA DE PROPULSÃO,SPP,Motor de Combustão Principal MWM TD440-8,MTP-01,,COMBUSTÃO,CMB,DIESEL,,Tucho 1,,,,,,,AS01-SPP-MCP01,1,,,,,,,,,,,,,,,,,,,,,,,,,,,,,,,,,,,,,,,,,,,,,,,,,,
Transporte Marítmo,,OPERAÇÃO DE EMBARCAÇÕES DE PESQUISA,,EMBARCAÇÕES FROTA,,ATLÂNTICO SUL,AS,CASA DE MÁQUINAS,CMA,SISTEMA DE PROPULSÃO,SPP,Motor de Combustão Principal MWM TD440-8,MTP-01,,COMBUSTÃO,CMB,DIESEL,,Tucho 2,,,,,,,AS01-SPP-MCP01,1,,,,,,,,,,,,,,,,,,,,,,,,,,,,,,,,,,,,,,,,,,,,,,,,,,
Transporte Marítmo,,OPERAÇÃO DE EMBARCAÇÕES DE PESQUISA,,EMBARCAÇÕES FROTA,,ATLÂNTICO SUL,AS,CASA DE MÁQUINAS,CMA,SISTEMA DE PROPULSÃO,SPP,Motor de Combustão Principal MWM TD440-8,MTP-01,,COMBUSTÃO,CMB,DIESEL,,Tucho 3,,,,,,,AS01-SPP-MCP01,1,,,,,,,,,,,,,,,,,,,,,,,,,,,,,,,,,,,,,,,,,,,,,,,,,,
Transporte Marítmo,,OPERAÇÃO DE EMBARCAÇÕES DE PESQUISA,,EMBARCAÇÕES FROTA,,ATLÂNTICO SUL,AS,CASA DE MÁQUINAS,CMA,SISTEMA DE PROPULSÃO,SPP,Motor de Combustão Principal MWM TD440-8,MTP-01,,COMBUSTÃO,CMB,DIESEL,,Tucho 4,,,,,,,AS01-SPP-MCP01,1,,,,,,,,,,,,,,,,,,,,,,,,,,,,,,,,,,,,,,,,,,,,,,,,,,
Transporte Marítmo,,OPERAÇÃO DE EMBARCAÇÕES DE PESQUISA,,EMBARCAÇÕES FROTA,,ATLÂNTICO SUL,AS,CASA DE MÁQUINAS,CMA,SISTEMA DE PROPULSÃO,SPP,Motor de Combustão Principal MWM TD440-8,MTP-01,,COMBUSTÃO,CMB,DIESEL,,Tucho 5,,,,,,,AS01-SPP-MCP01,1,,,,,,,,,,,,,,,,,,,,,,,,,,,,,,,,,,,,,,,,,,,,,,,,,,
Transporte Marítmo,,OPERAÇÃO DE EMBARCAÇÕES DE PESQUISA,,EMBARCAÇÕES FROTA,,ATLÂNTICO SUL,AS,CASA DE MÁQUINAS,CMA,SISTEMA DE PROPULSÃO,SPP,Motor de Combustão Principal MWM TD440-8,MTP-01,,COMBUSTÃO,CMB,DIESEL,,Tucho 6,,,,,,,AS01-SPP-MCP01,1,,,,,,,,,,,,,,,,,,,,,,,,,,,,,,,,,,,,,,,,,,,,,,,,,,
Transporte Marítmo,,OPERAÇÃO DE EMBARCAÇÕES DE PESQUISA,,EMBARCAÇÕES FROTA,,ATLÂNTICO SUL,AS,CASA DE MÁQUINAS,CMA,SISTEMA DE PROPULSÃO,SPP,Motor de Combustão Principal MWM TD440-8,MTP-01,,COMBUSTÃO,CMB,DIESEL,,Tucho 7,,,,,,,AS01-SPP-MCP01,1,,,,,,,,,,,,,,,,,,,,,,,,,,,,,,,,,,,,,,,,,,,,,,,,,,
Transporte Marítmo,,OPERAÇÃO DE EMBARCAÇÕES DE PESQUISA,,EMBARCAÇÕES FROTA,,ATLÂNTICO SUL,AS,CASA DE MÁQUINAS,CMA,SISTEMA DE PROPULSÃO,SPP,Motor de Combustão Principal MWM TD440-8,MTP-01,,COMBUSTÃO,CMB,DIESEL,,Tucho 8,,,,,,,AS01-SPP-MCP01,1,,,,,,,,,,,,,,,,,,,,,,,,,,,,,,,,,,,,,,,,,,,,,,,,,,
Transporte Marítmo,,OPERAÇÃO DE EMBARCAÇÕES DE PESQUISA,,EMBARCAÇÕES FROTA,,ATLÂNTICO SUL,AS,CASA DE MÁQUINAS,CMA,SISTEMA DE PROPULSÃO,SPP,Motor de Combustão Principal MWM TD440-8,MTP-01,,COMBUSTÃO,CMB,DIESEL,,Válvula 1,,,,,,,AS01-SPP-MCP01,1,,,,,,,,,,,,,,,,,,,,,,,,,,,,,,,,,,,,,,,,,,,,,,,,,,
Transporte Marítmo,,OPERAÇÃO DE EMBARCAÇÕES DE PESQUISA,,EMBARCAÇÕES FROTA,,ATLÂNTICO SUL,AS,CASA DE MÁQUINAS,CMA,SISTEMA DE PROPULSÃO,SPP,Motor de Combustão Principal MWM TD440-8,MTP-01,,COMBUSTÃO,CMB,DIESEL,,Válvula 2,,,,,,,AS01-SPP-MCP01,1,,,,,,,,,,,,,,,,,,,,,,,,,,,,,,,,,,,,,,,,,,,,,,,,,,
Transporte Marítmo,,OPERAÇÃO DE EMBARCAÇÕES DE PESQUISA,,EMBARCAÇÕES FROTA,,ATLÂNTICO SUL,AS,CASA DE MÁQUINAS,CMA,SISTEMA DE PROPULSÃO,SPP,Motor de Combustão Principal MWM TD440-8,MTP-01,,COMBUSTÃO,CMB,DIESEL,,Válvula 3,,,,,,,AS01-SPP-MCP01,1,,,,,,,,,,,,,,,,,,,,,,,,,,,,,,,,,,,,,,,,,,,,,,,,,,
Transporte Marítmo,,OPERAÇÃO DE EMBARCAÇÕES DE PESQUISA,,EMBARCAÇÕES FROTA,,ATLÂNTICO SUL,AS,CASA DE MÁQUINAS,CMA,SISTEMA DE PROPULSÃO,SPP,Motor de Combustão Principal MWM TD440-8,MTP-01,,COMBUSTÃO,CMB,DIESEL,,Válvula 4,,,,,,,AS01-SPP-MCP01,1,,,,,,,,,,,,,,,,,,,,,,,,,,,,,,,,,,,,,,,,,,,,,,,,,,
Transporte Marítmo,,OPERAÇÃO DE EMBARCAÇÕES DE PESQUISA,,EMBARCAÇÕES FROTA,,ATLÂNTICO SUL,AS,CASA DE MÁQUINAS,CMA,SISTEMA DE PROPULSÃO,SPP,Motor de Combustão Principal MWM TD440-8,MTP-01,,COMBUSTÃO,CMB,DIESEL,,Válvula 5,,,,,,,AS01-SPP-MCP01,1,,,,,,,,,,,,,,,,,,,,,,,,,,,,,,,,,,,,,,,,,,,,,,,,,,
Transporte Marítmo,,OPERAÇÃO DE EMBARCAÇÕES DE PESQUISA,,EMBARCAÇÕES FROTA,,ATLÂNTICO SUL,AS,CASA DE MÁQUINAS,CMA,SISTEMA DE PROPULSÃO,SPP,Motor de Combustão Principal MWM TD440-8,MTP-01,,COMBUSTÃO,CMB,DIESEL,,Válvula 6,,,,,,,AS01-SPP-MCP01,1,,,,,,,,,,,,,,,,,,,,,,,,,,,,,,,,,,,,,,,,,,,,,,,,,,
Transporte Marítmo,,OPERAÇÃO DE EMBARCAÇÕES DE PESQUISA,,EMBARCAÇÕES FROTA,,ATLÂNTICO SUL,AS,CASA DE MÁQUINAS,CMA,SISTEMA DE PROPULSÃO,SPP,Motor de Combustão Principal MWM TD440-8,MTP-01,,COMBUSTÃO,CMB,DIESEL,,Válvula 7,,,,,,,AS01-SPP-MCP01,1,,,,,,,,,,,,,,,,,,,,,,,,,,,,,,,,,,,,,,,,,,,,,,,,,,
Transporte Marítmo,,OPERAÇÃO DE EMBARCAÇÕES DE PESQUISA,,EMBARCAÇÕES FROTA,,ATLÂNTICO SUL,AS,CASA DE MÁQUINAS,CMA,SISTEMA DE PROPULSÃO,SPP,Motor de Combustão Principal MWM TD440-8,MTP-01,,COMBUSTÃO,CMB,DIESEL,,Válvula 8,,,,,,,AS01-SPP-MCP01,1,,,,,,,,,,,,,,,,,,,,,,,,,,,,,,,,,,,,,,,,,,,,,,,,,,
Transporte Marítmo,,OPERAÇÃO DE EMBARCAÇÕES DE PESQUISA,,EMBARCAÇÕES FROTA,,ATLÂNTICO SUL,AS,CASA DE MÁQUINAS,CMA,SISTEMA DE PROPULSÃO,SPP,Motor de Combustão Principal MWM TD440-8,MTP-01,,COMBUSTÃO,CMB,DIESEL,,Tubulação de ar comprimido,,,,,,,AS01-SPP-MCP01,1,,,,,,,,,,,,,,,,,,,,,,,,,,,,,,,,,,,,,,,,,,,,,,,,,,
Transporte Marítmo,,OPERAÇÃO DE EMBARCAÇÕES DE PESQUISA,,EMBARCAÇÕES FROTA,,ATLÂNTICO SUL,AS,CASA DE MÁQUINAS,CMA,SISTEMA DE PROPULSÃO,SPP,Motor de Combustão Principal MWM TD440-8,MTP-01,,COMBUSTÃO,CMB,DIESEL,,Descarga,,,,,,,AS01-SPP-MCP01,1,,,,,,,,,,,,,,,,,,,,,,,,,,,,,,,,,,,,,,,,,,,,,,,,,,
Transporte Marítmo,,OPERAÇÃO DE EMBARCAÇÕES DE PESQUISA,,EMBARCAÇÕES FROTA,,ATLÂNTICO SUL,AS,CASA DE MÁQUINAS,CMA,SISTEMA DE PROPULSÃO,SPP,Motor de Combustão Principal MWM TD440-8,MTP-01,,COMBUSTÃO,CMB,DIESEL,,Sistema de alarme de parada,,,,,,,AS01-SPP-MCP01,1,,,,,,,,,,,,,,,,,,,,,,,,,,,,,,,,,,,,,,,,,,,,,,,,,,
Transporte Marítmo,,OPERAÇÃO DE EMBARCAÇÕES DE PESQUISA,,EMBARCAÇÕES FROTA,,ATLÂNTICO SUL,AS,CASA DE MÁQUINAS,CMA,SISTEMA DE PROPULSÃO,SPP,Motor de Combustão Principal MWM TD440-8,MTP-01,,COMBUSTÃO,CMB,DIESEL,,Válvula de regulagem da aceleração,,,,,,,AS01-SPP-MCP01,1,,,,,,,,,,,,,,,,,,,,,,,,,,,,,,,,,,,,,,,,,,,,,,,,,,
Transporte Marítmo,,OPERAÇÃO DE EMBARCAÇÕES DE PESQUISA,,EMBARCAÇÕES FROTA,,ATLÂNTICO SUL,AS,CASA DE MÁQUINAS,CMA,SISTEMA DE PROPULSÃO,SPP,Motor de Combustão Principal MWM TD440-8,MTP-01,,COMBUSTÃO,CMB,DIESEL,,Cárter,,,,,,,AS01-SPP-MCP01,1,,,,,,,,,,,,,,,,,,,,,,,,,,,,,,,,,,,,,,,,,,,,,,,,,,
Transporte Marítmo,,OPERAÇÃO DE EMBARCAÇÕES DE PESQUISA,,EMBARCAÇÕES FROTA,,ATLÂNTICO SUL,AS,CASA DE MÁQUINAS,CMA,SISTEMA DE PROPULSÃO,SPP,Motor de Combustão Principal MWM TD440-8,MTP-01,,COMBUSTÃO,CMB,DIESEL,,Volante,,,,,,,AS01-SPP-MCP01,1,,,,,,,,,,,,,,,,,,,,,,,,,,,,,,,,,,,,,,,,,,,,,,,,,,
Transporte Marítmo,,OPERAÇÃO DE EMBARCAÇÕES DE PESQUISA,,EMBARCAÇÕES FROTA,,ATLÂNTICO SUL,AS,CASA DE MÁQUINAS,CMA,SISTEMA DE PROPULSÃO,SPP,Motor de Combustão Principal MWM TD440-8,MTP-01,,COMBUSTÃO,CMB,DIESEL,,Vedação do cabeçote 1,,,,,,,AS01-SPP-MCP01,1,,,,,,,,,,,,,,,,,,,,,,,,,,,,,,,,,,,,,,,,,,,,,,,,,,
Transporte Marítmo,,OPERAÇÃO DE EMBARCAÇÕES DE PESQUISA,,EMBARCAÇÕES FROTA,,ATLÂNTICO SUL,AS,CASA DE MÁQUINAS,CMA,SISTEMA DE PROPULSÃO,SPP,Motor de Combustão Principal MWM TD440-8,MTP-01,,COMBUSTÃO,CMB,DIESEL,,Vedação do cabeçote 2,,,,,,,AS01-SPP-MCP01,1,,,,,,,,,,,,,,,,,,,,,,,,,,,,,,,,,,,,,,,,,,,,,,,,,,
Transporte Marítmo,,OPERAÇÃO DE EMBARCAÇÕES DE PESQUISA,,EMBARCAÇÕES FROTA,,ATLÂNTICO SUL,AS,CASA DE MÁQUINAS,CMA,SISTEMA DE PROPULSÃO,SPP,Motor de Combustão Principal MWM TD440-8,MTP-01,,COMBUSTÃO,CMB,DIESEL,,Vedação do cabeçote 3,,,,,,,AS01-SPP-MCP01,1,,,,,,,,,,,,,,,,,,,,,,,,,,,,,,,,,,,,,,,,,,,,,,,,,,
Transporte Marítmo,,OPERAÇÃO DE EMBARCAÇÕES DE PESQUISA,,EMBARCAÇÕES FROTA,,ATLÂNTICO SUL,AS,CASA DE MÁQUINAS,CMA,SISTEMA DE PROPULSÃO,SPP,Motor de Combustão Principal MWM TD440-8,MTP-01,,COMBUSTÃO,CMB,DIESEL,,Vedação do cabeçote 4,,,,,,,AS01-SPP-MCP01,1,,,,,,,,,,,,,,,,,,,,,,,,,,,,,,,,,,,,,,,,,,,,,,,,,,
Transporte Marítmo,,OPERAÇÃO DE EMBARCAÇÕES DE PESQUISA,,EMBARCAÇÕES FROTA,,ATLÂNTICO SUL,AS,CASA DE MÁQUINAS,CMA,SISTEMA DE PROPULSÃO,SPP,Motor de Combustão Principal MWM TD440-8,MTP-01,,COMBUSTÃO,CMB,DIESEL,,Vedação do cabeçote 5,,,,,,,AS01-SPP-MCP01,1,,,,,,,,,,,,,,,,,,,,,,,,,,,,,,,,,,,,,,,,,,,,,,,,,,
Transporte Marítmo,,OPERAÇÃO DE EMBARCAÇÕES DE PESQUISA,,EMBARCAÇÕES FROTA,,ATLÂNTICO SUL,AS,CASA DE MÁQUINAS,CMA,SISTEMA DE PROPULSÃO,SPP,Motor de Combustão Principal MWM TD440-8,MTP-01,,COMBUSTÃO,CMB,DIESEL,,Vedação do cabeçote 6,,,,,,,AS01-SPP-MCP01,1,,,,,,,,,,,,,,,,,,,,,,,,,,,,,,,,,,,,,,,,,,,,,,,,,,
Transporte Marítmo,,OPERAÇÃO DE EMBARCAÇÕES DE PESQUISA,,EMBARCAÇÕES FROTA,,ATLÂNTICO SUL,AS,CASA DE MÁQUINAS,CMA,SISTEMA DE PROPULSÃO,SPP,Motor de Combustão Principal MWM TD440-8,MTP-01,,COMBUSTÃO,CMB,DIESEL,,Vedação do cabeçote 7,,,,,,,AS01-SPP-MCP01,1,,,,,,,,,,,,,,,,,,,,,,,,,,,,,,,,,,,,,,,,,,,,,,,,,,
Transporte Marítmo,,OPERAÇÃO DE EMBARCAÇÕES DE PESQUISA,,EMBARCAÇÕES FROTA,,ATLÂNTICO SUL,AS,CASA DE MÁQUINAS,CMA,SISTEMA DE PROPULSÃO,SPP,Motor de Combustão Principal MWM TD440-8,MTP-01,,COMBUSTÃO,CMB,DIESEL,,Vedação do cabeçote 8,,,,,,,AS01-SPP-MCP01,1,,,,,,,,,,,,,,,,,,,,,,,,,,,,,,,,,,,,,,,,,,,,,,,,,,
Transporte Marítmo,,OPERAÇÃO DE EMBARCAÇÕES DE PESQUISA,,EMBARCAÇÕES FROTA,,ATLÂNTICO SUL,AS,CASA DE MÁQUINAS,CMA,SISTEMA DE PROPULSÃO,SPP,Bomba de óleo (motor poder girar),,,,,ÓLEO HIDRÁULICO,,,,,,,,,AS01-SSG-BOM01,,,,,,,,,,,,,,,,,,,,,,,,,,,,,,,,,,,,,,,,,,,,,,,,,,,
Transporte Marítmo,,OPERAÇÃO DE EMBARCAÇÕES DE PESQUISA,,EMBARCAÇÕES FROTA,,ATLÂNTICO SUL,AS,CASA DE MÁQUINAS,CMA,SISTEMA DE PROPULSÃO,SPP,Bomba de recirculação de água do motor (catarina) 1,,,,,ÁGUA SALGADA,,,,,,,,,AS01-SSG-BOM01,,,,,,,,,,,,,,,,,,,,,,,,,,,,,,,,,,,,,,,,,,,,,,,,,,,
Transporte Marítmo,,OPERAÇÃO DE EMBARCAÇÕES DE PESQUISA,,EMBARCAÇÕES FROTA,,ATLÂNTICO SUL,AS,CASA DE MÁQUINAS,CMA,SISTEMA DE PROPULSÃO,SPP,Bomba de recirculação de água do motor (catarina) 2,,,,,ÁGUA SALGADA,,,,,,,,,AS01-SSG-BOM01,,,,,,,,,,,,,,,,,,,,,,,,,,,,,,,,,,,,,,,,,,,,,,,,,,,
Transporte Marítmo,,OPERAÇÃO DE EMBARCAÇÕES DE PESQUISA,,EMBARCAÇÕES FROTA,,ATLÂNTICO SUL,AS,CASA DE MÁQUINAS,CMA,SISTEMA DE SALVAGUARDA,SSG,Bomba de Incêndio,BOM-01,,,,ÁGUA SALGADA,,,,,,,,,AS01-SSG-BOM01,,,,,,,,,,,,,,,,,,,,,,,,,,,,,,,,,,,,,,,,,,,,,,,,,,,
Transporte Marítmo,,OPERAÇÃO DE EMBARCAÇÕES DE PESQUISA,,EMBARCAÇÕES FROTA,,ATLÂNTICO SUL,AS,CASA DE MÁQUINAS,CMA,SISTEMA ELÉTRICO,SEE,Alternador/Motor Elétrico 1,,,,,,,,,,,,,,AS01-SEE-ALT01,1,,,,,,,,,,,,,,,,,,,,,,,,,,,,,,,,,,,,,,,,,,,,,,,,,,
Transporte Marítmo,,OPERAÇÃO DE EMBARCAÇÕES DE PESQUISA,,EMBARCAÇÕES FROTA,,ATLÂNTICO SUL,AS,CASA DE MÁQUINAS,CMA,SISTEMA ELÉTRICO,SEE,Alternador/Motor Elétrico 2,,,,,,,,,,,,,,AS01-SEE-ALT01,1,,,,,,,,,,,,,,,,,,,,,,,,,,,,,,,,,,,,,,,,,,,,,,,,,,
Transporte Marítmo,,OPERAÇÃO DE EMBARCAÇÕES DE PESQUISA,,EMBARCAÇÕES FROTA,,ATLÂNTICO SUL,AS,CASA DE MÁQUINAS,CMA,SISTEMA ELÉTRICO,SEE,Alternador/Motor Elétrico 3,,,,,,,,,,,,,,AS01-SEE-ALT01,1,,,,,,,,,,,,,,,,,,,,,,,,,,,,,,,,,,,,,,,,,,,,,,,,,,
Transporte Marítmo,,OPERAÇÃO DE EMBARCAÇÕES DE PESQUISA,,EMBARCAÇÕES FROTA,,ATLÂNTICO SUL,AS,CASA DE MÁQUINAS,CMA,SISTEMA ELÉTRICO,SEE,Alternador/Motor Elétrico 4,,,,,,,,,,,,,,AS01-SEE-ALT01,1,,,,,,,,,,,,,,,,,,,,,,,,,,,,,,,,,,,,,,,,,,,,,,,,,,
Transporte Marítmo,,OPERAÇÃO DE EMBARCAÇÕES DE PESQUISA,,EMBARCAÇÕES FROTA,,ATLÂNTICO SUL,AS,CASA DE MÁQUINAS,CMA,SISTEMA ELÉTRICO,SEE,Quadro elétrico auxiliar,,,ELÉTRICO,ELE,,,,,,,,,,,,,,,,,,,,,,,,,,,,,,,,,,,,,,,,,,,,,,,,,,,,,,,,,,,,,
Transporte Marítmo,,OPERAÇÃO DE EMBARCAÇÕES DE PESQUISA,,EMBARCAÇÕES FROTA,,ATLÂNTICO SUL,AS,CASA DE MÁQUINAS,CMA,SISTEMA ELÉTRICO,SEE,Quadro elétrico auxiliar - luz quando navio nao tem luz,,,ELÉTRICO,ELE,,,,,,,,,,,,,,,,,,,,,,,,,,,,,,,,,,,,,,,,,,,,,,,,,,,,,,,,,,,,,
Transporte Marítmo,,OPERAÇÃO DE EMBARCAÇÕES DE PESQUISA,,EMBARCAÇÕES FROTA,,ATLÂNTICO SUL,AS,CASA DE MÁQUINAS,CMA,SISTEMA ELÉTRICO,SEE,Quadro elétrico carregamento de baterias,,,ELÉTRICO,ELE,,,,,,,,,,,,,,,,,,,,,,,,,,,,,,,,,,,,,,,,,,,,,,,,,,,,,,,,,,,,,
Transporte Marítmo,,OPERAÇÃO DE EMBARCAÇÕES DE PESQUISA,,EMBARCAÇÕES FROTA,,ATLÂNTICO SUL,AS,CASA DE MÁQUINAS,CMA,SISTEMA ELÉTRICO,SEE,Quadro elétrico comando ar,,,ELÉTRICO,ELE,,,,,,,,,,,,,,,,,,,,,,,,,,,,,,,,,,,,,,,,,,,,,,,,,,,,,,,,,,,,,
Transporte Marítmo,,OPERAÇÃO DE EMBARCAÇÕES DE PESQUISA,,EMBARCAÇÕES FROTA,,ATLÂNTICO SUL,AS,CASA DE MÁQUINAS,CMA,SISTEMA ELÉTRICO,SEE,Quadro elétrico comando do munck,,,ELÉTRICO,ELE,,,,,,,,,,,,,,,,,,,,,,,,,,,,,,,,,,,,,,,,,,,,,,,,,,,,,,,,,,,,,
Transporte Marítmo,,OPERAÇÃO DE EMBARCAÇÕES DE PESQUISA,,EMBARCAÇÕES FROTA,,ATLÂNTICO SUL,AS,CASA DE MÁQUINAS,CMA,SISTEMA ELÉTRICO,SEE,Quadro elétrico compressores,,,ELÉTRICO,ELE,,,,,,,,,,,,,,,,,,,,,,,,,,,,,,,,,,,,,,,,,,,,,,,,,,,,,,,,,,,,,
Transporte Marítmo,,OPERAÇÃO DE EMBARCAÇÕES DE PESQUISA,,EMBARCAÇÕES FROTA,,ATLÂNTICO SUL,AS,CASA DE MÁQUINAS,CMA,SISTEMA ELÉTRICO,SEE,Quadro elétrico de esgoto sanitário,,,ELÉTRICO,ELE,,,,,,,,,,,,,,,,,,,,,,,,,,,,,,,,,,,,,,,,,,,,,,,,,,,,,,,,,,,,,
Transporte Marítmo,,OPERAÇÃO DE EMBARCAÇÕES DE PESQUISA,,EMBARCAÇÕES FROTA,,ATLÂNTICO SUL,AS,CASA DE MÁQUINAS,CMA,SISTEMA ELÉTRICO,SEE,Quadro elétrico de exaustores ,,,ELÉTRICO,ELE,,,,,,,,,,,,,,,,,,,,,,,,,,,,,,,,,,,,,,,,,,,,,,,,,,,,,,,,,,,,,
Transporte Marítmo,,OPERAÇÃO DE EMBARCAÇÕES DE PESQUISA,,EMBARCAÇÕES FROTA,,ATLÂNTICO SUL,AS,CASA DE MÁQUINAS,CMA,SISTEMA ELÉTRICO,SEE,Quadro elétrico motores auxiliares (geradores),,,ELÉTRICO,ELE,,,,,,,,,,,,,,,,,,,,,,,,,,,,,,,,,,,,,,,,,,,,,,,,,,,,,,,,,,,,,
Transporte Marítmo,,OPERAÇÃO DE EMBARCAÇÕES DE PESQUISA,,EMBARCAÇÕES FROTA,,ATLÂNTICO SUL,AS,CASA DE MÁQUINAS,CMA,SISTEMA ELÉTRICO,SEE,Quadro elétrico principal,,,ELÉTRICO,ELE,,,,,,,,,,,,,,,,,,,,,,,,,,,,,,,,,,,,,,,,,,,,,,,,,,,,,,,,,,,,,
Transporte Marítmo,,OPERAÇÃO DE EMBARCAÇÕES DE PESQUISA,,EMBARCAÇÕES FROTA,,ATLÂNTICO SUL,AS,CASA DE MÁQUINAS,CMA,SISTEMA DE ÓLEO COMBUSTÍVEL,SOC,Filtro de pressão óleo diesel ,,,,,DIESEL,,,,,,,,,,,,,,,,,,,,,,,,,,,,,,,,,,,,,,,,,,,,,,,,,,,,,,,,,,,,
Transporte Marítmo,,OPERAÇÃO DE EMBARCAÇÕES DE PESQUISA,,EMBARCAÇÕES FROTA,,ATLÂNTICO SUL,AS,CASA DE MÁQUINAS,CMA,SISTEMA HIDRÁULICO,SHI,Filtro de pressão óleo Hidráulico 01,,,,,ÓLEO HIDRÁULICO,,,,,,,,,,,,,,,,,,,,,,,,,,,,,,,,,,,,,,,,,,,,,,,,,,,,,,,,,,,,
Transporte Marítmo,,OPERAÇÃO DE EMBARCAÇÕES DE PESQUISA,,EMBARCAÇÕES FROTA,,ATLÂNTICO SUL,AS,CASA DE MÁQUINAS,CMA,SISTEMA HIDRÁULICO,SHI,Filtro de pressão óleo Hidráulico 02,,,,,ÓLEO HIDRÁULICO,,,,,,,,UHI-03,AS01-SMC-UHI03,,,,,,,,,,,,,,,,,,,,,,,,,,,,,,,,,,,,,,,,,,,,,,,,,,,
Transporte Marítmo,,OPERAÇÃO DE EMBARCAÇÕES DE PESQUISA,,EMBARCAÇÕES FROTA,,ATLÂNTICO SUL,AS,CASA DE MÁQUINAS,CMA,SISTEMA HIDRÁULICO,SHI,Filtro de pressão óleo Hidráulico 03,,,,,ÓLEO HIDRÁULICO,,,,,,,,,,,,,,,,,,,,,,,,,,,,,,,,,,,,,,,,,,,,,,,,,,,,,,,,,,,,
Transporte Marítmo,,OPERAÇÃO DE EMBARCAÇÕES DE PESQUISA,,EMBARCAÇÕES FROTA,,ATLÂNTICO SUL,AS,CASA DE MÁQUINAS,CMA,SISTEMA HIDRÁULICO,SHI,Filtro de pressão óleo Hidráulico 04,,,,,ÓLEO HIDRÁULICO,,,,,,,,UHI-03,AS01-SMC-UHI03,,,,,,,,,,,,,,,,,,,,,,,,,,,,,,,,,,,,,,,,,,,,,,,,,,,
Transporte Marítmo,,OPERAÇÃO DE EMBARCAÇÕES DE PESQUISA,,EMBARCAÇÕES FROTA,,ATLÂNTICO SUL,AS,CASA DE MÁQUINAS,CMA,SISTEMA ELÉTRICO,SEE,Motor elétrico CA do carregamento de baterias,,,ELÉTRICO,ELE,,,,,,,,,UHI-03,AS01-SMC-UHI03,,,,,,,,,,,,,,,,,,,,,,,,,,,,,,,,,,,,,,,,,,,,,,,,,,,
Transporte Marítmo,,OPERAÇÃO DE EMBARCAÇÕES DE PESQUISA,,EMBARCAÇÕES FROTA,,ATLÂNTICO SUL,AS,CASA DE MÁQUINAS,CMA,SISTEMA DE ARMAZENAMENTO E TRANSFERÊNCIA DE ÁGUA,SAX,Pressurizador de água doce,,,PNEUMÁTICO,PNE,ÁGUA DOCE,,,,,,,,UHI-03,AS01-SMC-UHI03,,,,,,,,,,,,,,,,,,,,,,,,,,,,,,,,,,,,,,,,,,,,,,,,,,,
Transporte Marítmo,,OPERAÇÃO DE EMBARCAÇÕES DE PESQUISA,,EMBARCAÇÕES FROTA,,ATLÂNTICO SUL,AS,CASA DE MÁQUINAS,CMA,SISTEMA DE ARMAZENAMENTO E TRANSFERÊNCIA DE ÁGUA,SAX,Pressurizador de água salgada,,,PNEUMÁTICO,PNE,ÁGUA SALGADA,,,,,,,,,,,,,,,,,,,,,,,,,,,,,,,,,,,,,,,,,,,,,,,,,,,,,,,,,,,,
Transporte Marítmo,,OPERAÇÃO DE EMBARCAÇÕES DE PESQUISA,,EMBARCAÇÕES FROTA,,ATLÂNTICO SUL,AS,CASA DE MÁQUINAS,CMA,SISTEMA HIDRÁULICO,SHI,Bomba de refrigeração do óleo hidráulico 1,,,,,ÓLEO HIDRÁULICO,,,,,,,,,AS01-SSG-BOM01,,,,,,,,,,,,,,,,,,,,,,,,,,,,,,,,,,,,,,,,,,,,,,,,,,,
Transporte Marítmo,,OPERAÇÃO DE EMBARCAÇÕES DE PESQUISA,,EMBARCAÇÕES FROTA,,ATLÂNTICO SUL,AS,CASA DE MÁQUINAS,CMA,SISTEMA HIDRÁULICO,SHI,Bomba de refrigeração do óleo hidráulico 2,,,,,ÁGUA SALGADA,,,,,,,,,AS01-SSG-BOM01,,,,,,,,,,,,,,,,,,,,,,,,,,,,,,,,,,,,,,,,,,,,,,,,,,,
Transporte Marítmo,,OPERAÇÃO DE EMBARCAÇÕES DE PESQUISA,,EMBARCAÇÕES FROTA,,ATLÂNTICO SUL,AS,CASARIA,CSA,SISTEMA DE NAVEGAÇÃO,SNV,Piloto Automático Navipilot Furuno (Equipamento),,,ELETRÔNICO,,,,,,,,,,,,,,,,,,,,,,,,,,,,,,,,,,,,,,,,,,,,,,,,,,,,,,,,,,,,,,
Transporte Marítmo,,OPERAÇÃO DE EMBARCAÇÕES DE PESQUISA,,EMBARCAÇÕES FROTA,,ATLÂNTICO SUL,AS,CASARIA,CSA,SISTEMA DE NAVEGAÇÃO,SNV,Rádio Comunicador (VHF Marine Transceiver IC-M412),,,ELETRÔNICO,,,,,,,,,,,,,,,,,,,,,,,,,,,,,,,,,,,,,,,,,,,,,,,,,,,,,,,,,,,,,,
Transporte Marítmo,,OPERAÇÃO DE EMBARCAÇÕES DE PESQUISA,,EMBARCAÇÕES FROTA,,ATLÂNTICO SUL,AS,CASARIA,CSA,SISTEMA DE NAVEGAÇÃO,SNV,Multi Display RD-30,,,ELETRÔNICO,,,,,,,,,,,,,,,,,,,,,,,,,,,,,,,,,,,,,,,,,,,,,,,,,,,,,,,,,,,,,,
Transporte Marítmo,,OPERAÇÃO DE EMBARCAÇÕES DE PESQUISA,,EMBARCAÇÕES FROTA,,ATLÂNTICO SUL,AS,CASARIA,CSA,SISTEMA DE NAVEGAÇÃO,SNV,Color GPS/Plotter GP-7000,,,ELETRÔNICO,,,,,,,,,,,,,,,,,,,,,,,,,,,,,,,,,,,,,,,,,,,,,,,,,,,,,,,,,,,,,,
Transporte Marítmo,,OPERAÇÃO DE EMBARCAÇÕES DE PESQUISA,,EMBARCAÇÕES FROTA,,ATLÂNTICO SUL,AS,CASARIA,CSA,SISTEMA DE NAVEGAÇÃO,SNV,"Marine Radar FR-8062, 8122, 8252",,,ELETRÔNICO,,,,,,,,,,,,,,,,,,,,,,,,,,,,,,,,,,,,,,,,,,,,,,,,,,,,,,,,,,,,,,
Transporte Marítmo,,OPERAÇÃO DE EMBARCAÇÕES DE PESQUISA,,EMBARCAÇÕES FROTA,,ATLÂNTICO SUL,AS,CASARIA,CSA,SISTEMA DE NAVEGAÇÃO,SNV,Radio VHF Sailor,,,ELETRÔNICO,,,,,,,,,,,,,,,,,,,,,,,,,,,,,,,,,,,,,,,,,,,,,,,,,,,,,,,,,,,,,,
Transporte Marítmo,,OPERAÇÃO DE EMBARCAÇÕES DE PESQUISA,,EMBARCAÇÕES FROTA,,ATLÂNTICO SUL,AS,CASARIA,CSA,SISTEMA DE NAVEGAÇÃO,SNV,THD Satellite Compass SC-50,,,ELETRÔNICO,,,,,,,,,,,,,,,,,,,,,,,,,,,,,,,,,,,,,,,,,,,,,,,,,,,,,,,,,,,,,,
Transporte Marítmo,,OPERAÇÃO DE EMBARCAÇÕES DE PESQUISA,,EMBARCAÇÕES FROTA,,ATLÂNTICO SUL,AS,CASARIA,CSA,SISTEMA DE NAVEGAÇÃO,SNV,Color LCD Sounder FCV-1100L,,,ELETRÔNICO,,,,,,,,,,,,,,,,,,,,,,,,,,,,,,,,,,,,,,,,,,,,,,,,,,,,,,,,,,,,,,
Transporte Marítmo,,OPERAÇÃO DE EMBARCAÇÕES DE PESQUISA,,EMBARCAÇÕES FROTA,,ATLÂNTICO SUL,AS,CONVÉS,CVS,SISTEMA DE ARMAZENAMENTO E TRANSFERÊNCIA DE ÓLEO DIESEL,SAO,Tanque 7,TAN-07,,ARMAZENAMENTO,ARM,DIESEL,,,,,,,,,,,,,,,,,,,,,,,,,,,,,,,,,,,,,,,,,,,,,,,,,,,,,,,,,,,,
Transporte Marítmo,,OPERAÇÃO DE EMBARCAÇÕES DE PESQUISA,,EMBARCAÇÕES FROTA,,ATLÂNTICO SUL,AS,CONVÉS,CVS,SISTEMA DE ARMAZENAMENTO E TRANSFERÊNCIA DE ÓLEO DIESEL,SAO,Tanque 8,TAN-08,,ARMAZENAMENTO,ARM,DIESEL,,,,,,,,,,,,,,,,,,,,,,,,,,,,,,,,,,,,,,,,,,,,,,,,,,,,,,,,,,,,
Transporte Marítmo,,OPERAÇÃO DE EMBARCAÇÕES DE PESQUISA,,EMBARCAÇÕES FROTA,,ATLÂNTICO SUL,AS,CONVÉS,CVS,SISTEMA DE ARMAZENAMENTO E TRANSFERÊNCIA DE ÓLEO DIESEL,SAO,Tanque 9,TAN-09,,ARMAZENAMENTO,ARM,DIESEL,,,,,,,,,,,,,,,,,,,,,,,,,,,,,,,,,,,,,,,,,,,,,,,,,,,,,,,,,,,,
Transporte Marítmo,,OPERAÇÃO DE EMBARCAÇÕES DE PESQUISA,,EMBARCAÇÕES FROTA,,ATLÂNTICO SUL,AS,CONVÉS,CVS,SISTEMA DE ARMAZENAMENTO E TRANSFERÊNCIA DE ÓLEO DIESEL,SAO,Tanque 10,TAN-10,,ARMAZENAMENTO,ARM,DIESEL,,,,,,,,,,,,,,,,,,,,,,,,,,,,,,,,,,,,,,,,,,,,,,,,,,,,,,,,,,,,
Transporte Marítmo,,OPERAÇÃO DE EMBARCAÇÕES DE PESQUISA,,EMBARCAÇÕES FROTA,,ATLÂNTICO SUL,AS,CONVÉS,CVS,SISTEMA DE ARMAZENAMENTO E TRANSFERÊNCIA DE ÓLEO DIESEL,SAO,Tanque 11,TAN-11,,ARMAZENAMENTO,ARM,DIESEL,,,,,,,,,,,,,,,,,,,,,,,,,,,,,,,,,,,,,,,,,,,,,,,,,,,,,,,,,,,,
Transporte Marítmo,,OPERAÇÃO DE EMBARCAÇÕES DE PESQUISA,,EMBARCAÇÕES FROTA,,ATLÂNTICO SUL,AS,CONVÉS,CVS,SISTEMA DE ARMAZENAMENTO E TRANSFERÊNCIA DE ÓLEO DIESEL,SAO,Tanque 12,TAN-12,,ARMAZENAMENTO,ARM,DIESEL,,,,,,,,,,,,,,,,,,,,,,,,,,,,,,,,,,,,,,,,,,,,,,,,,,,,,,,,,,,,
Transporte Marítmo,,OPERAÇÃO DE EMBARCAÇÕES DE PESQUISA,,EMBARCAÇÕES FROTA,,ATLÂNTICO SUL,AS,CONVÉS,CVS,SISTEMA DE ARMAZENAMENTO E TRANSFERÊNCIA DE ÓLEO DIESEL,SAO,Tanque 13,TAN-13,,ARMAZENAMENTO,ARM,DIESEL,,,,,,,,,,,,,,,,,,,,,,,,,,,,,,,,,,,,,,,,,,,,,,,,,,,,,,,,,,,,
Transporte Marítmo,,OPERAÇÃO DE EMBARCAÇÕES DE PESQUISA,,EMBARCAÇÕES FROTA,,ATLÂNTICO SUL,AS,CONVÉS,CVS,SISTEMA DE ARMAZENAMENTO E TRANSFERÊNCIA DE ÓLEO DIESEL,SAO,Tanque 14,TAN-14,,ARMAZENAMENTO,ARM,DIESEL,,,,,,,,,,,,,,,,,,,,,,,,,,,,,,,,,,,,,,,,,,,,,,,,,,,,,,,,,,,,
Transporte Marítmo,,OPERAÇÃO DE EMBARCAÇÕES DE PESQUISA,,EMBARCAÇÕES FROTA,,ATLÂNTICO SUL,AS,CONVÉS,CVS,SISTEMA DE CLIMATIZAÇÃO,SDC,Condicionador de Ar Acústica,CAC-12,,SPLIT,,AR,,Evaporadora 01,EVA-01,,,,,,,,,,,,,,,,,,,,,,,,,,,,,,,,,,,,,,,,,,,,,,,,,,,,,,,,,
Transporte Marítmo,,OPERAÇÃO DE EMBARCAÇÕES DE PESQUISA,,EMBARCAÇÕES FROTA,,ATLÂNTICO SUL,AS,CONVÉS,CVS,SISTEMA DE CLIMATIZAÇÃO,SDC,Condicionador de Ar Cozinha,CAC-11,,SPLIT,,AR,,Evaporadora 02,EVA-02,,,,,,,,,,,,,,,,,,,,,,,,,,,,,,,,,,,,,,,,,,,,,,,,,,,,,,,,,
Transporte Marítmo,,OPERAÇÃO DE EMBARCAÇÕES DE PESQUISA,,EMBARCAÇÕES FROTA,,ATLÂNTICO SUL,AS,CONVÉS,CVS,SISTEMA DE CLIMATIZAÇÃO,SDC,Condicionador de Ar do Camarote 1,CAC-01,,SPLIT,,AR,,Evaporadora 03,EVA-03,,,,,,,,,,,,,,,,,,,,,,,,,,,,,,,,,,,,,,,,,,,,,,,,,,,,,,,,,
Transporte Marítmo,,OPERAÇÃO DE EMBARCAÇÕES DE PESQUISA,,EMBARCAÇÕES FROTA,,ATLÂNTICO SUL,AS,CONVÉS,CVS,SISTEMA DE CLIMATIZAÇÃO,SDC,Condicionador de Ar do Camarote 2,CAC-02,,SPLIT,,AR,,Evaporadora 04,EVA-04,,,,,,,,,,,,,,,,,,,,,,,,,,,,,,,,,,,,,,,,,,,,,,,,,,,,,,,,,
Transporte Marítmo,,OPERAÇÃO DE EMBARCAÇÕES DE PESQUISA,,EMBARCAÇÕES FROTA,,ATLÂNTICO SUL,AS,CONVÉS,CVS,SISTEMA DE CLIMATIZAÇÃO,SDC,Condicionador de Ar do Camarote 3,CAC-03,,SPLIT,,AR,,Evaporadora 05,EVA-05,,,,,,,,,,,,,,,,,,,,,,,,,,,,,,,,,,,,,,,,,,,,,,,,,,,,,,,,,
Transporte Marítmo,,OPERAÇÃO DE EMBARCAÇÕES DE PESQUISA,,EMBARCAÇÕES FROTA,,ATLÂNTICO SUL,AS,CONVÉS,CVS,SISTEMA DE CLIMATIZAÇÃO,SDC,Condicionador de Ar do Camarote 4,CAC-04,,SPLIT,,AR,,Evaporadora 06,EVA-06,,,,,,,,,,,,,,,,,,,,,,,,,,,,,,,,,,,,,,,,,,,,,,,,,,,,,,,,,
Transporte Marítmo,,OPERAÇÃO DE EMBARCAÇÕES DE PESQUISA,,EMBARCAÇÕES FROTA,,ATLÂNTICO SUL,AS,CONVÉS,CVS,SISTEMA DE CLIMATIZAÇÃO,SDC,Condicionador de Ar do Camarote 5,CAC-05,,SPLIT,,AR,,Evaporadora 07,EVA-07,,,,,,,,,,,,,,,,,,,,,,,,,,,,,,,,,,,,,,,,,,,,,,,,,,,,,,,,,
Transporte Marítmo,,OPERAÇÃO DE EMBARCAÇÕES DE PESQUISA,,EMBARCAÇÕES FROTA,,ATLÂNTICO SUL,AS,CONVÉS,CVS,SISTEMA DE CLIMATIZAÇÃO,SDC,Condicionador de Ar do Camarote 6,CAC-06,,SPLIT,,AR,,Evaporadora 08,EVA-08,,,,,,,,,,,,,,,,,,,,,,,,,,,,,,,,,,,,,,,,,,,,,,,,,,,,,,,,,
Transporte Marítmo,,OPERAÇÃO DE EMBARCAÇÕES DE PESQUISA,,EMBARCAÇÕES FROTA,,ATLÂNTICO SUL,AS,CONVÉS,CVS,SISTEMA DE CLIMATIZAÇÃO,SDC,Condicionador de Ar do Camarote 7,CAC-07,,SPLIT,,AR,,Evaporadora 09,EVA-09,,,,,,,,,,,,,,,,,,,,,,,,,,,,,,,,,,,,,,,,,,,,,,,,,,,,,,,,,
Transporte Marítmo,,OPERAÇÃO DE EMBARCAÇÕES DE PESQUISA,,EMBARCAÇÕES FROTA,,ATLÂNTICO SUL,AS,CONVÉS,CVS,SISTEMA DE CLIMATIZAÇÃO,SDC,Condicionador de Ar Laboratório 1,CAC-09,,SPLIT,,AR,,Evaporadora 10,EVA-10,,,,,,,,,,,,,,,,,,,,,,,,,,,,,,,,,,,,,,,,,,,,,,,,,,,,,,,,,
Transporte Marítmo,,OPERAÇÃO DE EMBARCAÇÕES DE PESQUISA,,EMBARCAÇÕES FROTA,,ATLÂNTICO SUL,AS,CONVÉS,CVS,SISTEMA DE CLIMATIZAÇÃO,SDC,Condicionador de Ar Laboratório 2,CAC-10,,SPLIT,,AR,,Evaporadora 11,EVA-11,,,,,,,,,,,,,,,,,,,,,,,,,,,,,,,,,,,,,,,,,,,,,,,,,,,,,,,,,
Transporte Marítmo,,OPERAÇÃO DE EMBARCAÇÕES DE PESQUISA,,EMBARCAÇÕES FROTA,,ATLÂNTICO SUL,AS,CONVÉS,CVS,SISTEMA DE CLIMATIZAÇÃO,SDC,Condicionador de Ar Sala Professor,CAC-08,,SPLIT,,AR,,Evaporadora 12,EVA-12,,,,,,,,,,,,,,,,,,,,,,,,,,,,,,,,,,,,,,,,,,,,,,,,,,,,,,,,,
Transporte Marítmo,,OPERAÇÃO DE EMBARCAÇÕES DE PESQUISA,,EMBARCAÇÕES FROTA,,ATLÂNTICO SUL,AS,CONVÉS,CVS,SISTEMA DE CLIMATIZAÇÃO,SDC,Condicionador de Ar Acústica,CAC-12,,SPLIT,,AR,,Condensadora 01,CDN-01,,,,,,,,,,,,,,,,,,,,,,,,,,,,,,,,,,,,,,,,,,,,,,,,,,,,,,,,,
Transporte Marítmo,,OPERAÇÃO DE EMBARCAÇÕES DE PESQUISA,,EMBARCAÇÕES FROTA,,ATLÂNTICO SUL,AS,CONVÉS,CVS,SISTEMA DE CLIMATIZAÇÃO,SDC,Condicionador de Ar Cozinha,CAC-11,,SPLIT,,AR,,Condensadora 02,CDN-02,,,,,,,,,,,,,,,,,,,,,,,,,,,,,,,,,,,,,,,,,,,,,,,,,,,,,,,,,
Transporte Marítmo,,OPERAÇÃO DE EMBARCAÇÕES DE PESQUISA,,EMBARCAÇÕES FROTA,,ATLÂNTICO SUL,AS,CONVÉS,CVS,SISTEMA DE CLIMATIZAÇÃO,SDC,Condicionador de Ar do Camarote 1,CAC-01,,SPLIT,,AR,,Condensadora 03,CDN-03,,,,,,,,,,,,,,,,,,,,,,,,,,,,,,,,,,,,,,,,,,,,,,,,,,,,,,,,,
Transporte Marítmo,,OPERAÇÃO DE EMBARCAÇÕES DE PESQUISA,,EMBARCAÇÕES FROTA,,ATLÂNTICO SUL,AS,CONVÉS,CVS,SISTEMA DE CLIMATIZAÇÃO,SDC,Condicionador de Ar do Camarote 2,CAC-02,,SPLIT,,AR,,Condensadora 04,CDN-04,,,,,,,,,,,,,,,,,,,,,,,,,,,,,,,,,,,,,,,,,,,,,,,,,,,,,,,,,
Transporte Marítmo,,OPERAÇÃO DE EMBARCAÇÕES DE PESQUISA,,EMBARCAÇÕES FROTA,,ATLÂNTICO SUL,AS,CONVÉS,CVS,SISTEMA DE CLIMATIZAÇÃO,SDC,Condicionador de Ar do Camarote 3,CAC-03,,SPLIT,,AR,,Condensadora 05,CDN-05,,,,,,,,,,,,,,,,,,,,,,,,,,,,,,,,,,,,,,,,,,,,,,,,,,,,,,,,,
Transporte Marítmo,,OPERAÇÃO DE EMBARCAÇÕES DE PESQUISA,,EMBARCAÇÕES FROTA,,ATLÂNTICO SUL,AS,CONVÉS,CVS,SISTEMA DE CLIMATIZAÇÃO,SDC,Condicionador de Ar do Camarote 4,CAC-04,,SPLIT,,AR,,Condensadora 06,CDN-06,,,,,,,,,,,,,,,,,,,,,,,,,,,,,,,,,,,,,,,,,,,,,,,,,,,,,,,,,
Transporte Marítmo,,OPERAÇÃO DE EMBARCAÇÕES DE PESQUISA,,EMBARCAÇÕES FROTA,,ATLÂNTICO SUL,AS,CONVÉS,CVS,SISTEMA DE CLIMATIZAÇÃO,SDC,Condicionador de Ar do Camarote 5,CAC-05,,SPLIT,,AR,,Condensadora 07,CDN-07,,,,,,,,,,,,,,,,,,,,,,,,,,,,,,,,,,,,,,,,,,,,,,,,,,,,,,,,,
Transporte Marítmo,,OPERAÇÃO DE EMBARCAÇÕES DE PESQUISA,,EMBARCAÇÕES FROTA,,ATLÂNTICO SUL,AS,CONVÉS,CVS,SISTEMA DE CLIMATIZAÇÃO,SDC,Condicionador de Ar do Camarote 6,CAC-06,,SPLIT,,AR,,Condensadora 08,CDN-08,,,,,,,,,,,,,,,,,,,,,,,,,,,,,,,,,,,,,,,,,,,,,,,,,,,,,,,,,
Transporte Marítmo,,OPERAÇÃO DE EMBARCAÇÕES DE PESQUISA,,EMBARCAÇÕES FROTA,,ATLÂNTICO SUL,AS,CONVÉS,CVS,SISTEMA DE CLIMATIZAÇÃO,SDC,Condicionador de Ar do Camarote 7,CAC-07,,SPLIT,,AR,,Condensadora 09,CDN-09,,,,,,,,,,,,,,,,,,,,,,,,,,,,,,,,,,,,,,,,,,,,,,,,,,,,,,,,,
Transporte Marítmo,,OPERAÇÃO DE EMBARCAÇÕES DE PESQUISA,,EMBARCAÇÕES FROTA,,ATLÂNTICO SUL,AS,CONVÉS,CVS,SISTEMA DE CLIMATIZAÇÃO,SDC,Condicionador de Ar Laboratório 1,CAC-09,,SPLIT,,AR,,Condensadora 10,CDN-10,,,,,,,,,,,,,,,,,,,,,,,,,,,,,,,,,,,,,,,,,,,,,,,,,,,,,,,,,
Transporte Marítmo,,OPERAÇÃO DE EMBARCAÇÕES DE PESQUISA,,EMBARCAÇÕES FROTA,,ATLÂNTICO SUL,AS,CONVÉS,CVS,SISTEMA DE CLIMATIZAÇÃO,SDC,Condicionador de Ar Laboratório 2,CAC-10,,SPLIT,,AR,,Condensadora 11,CDN-11,,,,,,,,,,,,,,,,,,,,,,,,,,,,,,,,,,,,,,,,,,,,,,,,,,,,,,,,,
Transporte Marítmo,,OPERAÇÃO DE EMBARCAÇÕES DE PESQUISA,,EMBARCAÇÕES FROTA,,ATLÂNTICO SUL,AS,CONVÉS,CVS,SISTEMA DE CLIMATIZAÇÃO,SDC,Condicionador de Ar Sala Professor,CAC-08,,SPLIT,,AR,,Condensadora 12,CDN-12,,,,,,,,,,,,,,,,,,,,,,,,,,,,,,,,,,,,,,,,,,,,,,,,,,,,,,,,,
Transporte Marítmo,,OPERAÇÃO DE EMBARCAÇÕES DE PESQUISA,,EMBARCAÇÕES FROTA,,ATLÂNTICO SUL,AS,CONVÉS,CVS,SISTEMA DE CLIMATIZAÇÃO,SDC,Exaustor da Cozinha,EXR-01,,AXIAL,AXL,AR,,,,,,,,,AS01-SAD-EXA01,,,,,,,,,,,,,,,,,,,,,,,,,,,,,,,,,,,,,,,,,,,,,,,,,,,
Transporte Marítmo,,OPERAÇÃO DE EMBARCAÇÕES DE PESQUISA,,EMBARCAÇÕES FROTA,,ATLÂNTICO SUL,AS,POPA,PPA,SISTEMA DE ESGOTO E LASTRO,SEL,Tanque 3,TAN-03,,ARMAZENAMENTO,ARM,ÁGUA SALGADA,,,,,,,,,,,,,,,,,,,,,,,,,,,,,,,,,,,,,,,,,,,,,,,,,,,,,,,,,,,,
Transporte Marítmo,,OPERAÇÃO DE EMBARCAÇÕES DE PESQUISA,,EMBARCAÇÕES FROTA,,ATLÂNTICO SUL,AS,POPA,PPA,SISTEMA DE ESGOTO E LASTRO,SEL,Tanque 4,TAN-04,,ARMAZENAMENTO,ARM,ÁGUA SALGADA,,,,,,,,,,,,,,,,,,,,,,,,,,,,,,,,,,,,,,,,,,,,,,,,,,,,,,,,,,,,
Transporte Marítmo,,OPERAÇÃO DE EMBARCAÇÕES DE PESQUISA,,EMBARCAÇÕES FROTA,,ATLÂNTICO SUL,AS,POPA,PPA,SISTEMA DE MOVIMENTAÇÃO,MOV,A-Frame,AFR-01,,,,,,,,,,,,,AS01-SMC-AFR01,1,,,,,,,,,,,,,,,,,,,,,,,,,,,,,,,,,,,,,,,,,,,,,,,,,,
Transporte Marítmo,,OPERAÇÃO DE EMBARCAÇÕES DE PESQUISA,,EMBARCAÇÕES FROTA,,ATLÂNTICO SUL,AS,POPA,PPA,SISTEMA DE FUNDEIO,SAN,Caixa Redutora do Molinete,CRE-02,,,,,,,,,,,,,AS01-SMC-CRE03,1,,,,,,,,,,,,,,,,,,,,,,,,,,,,,,,,,,,,,,,,,,,,,,,,,,
Transporte Marítmo,,OPERAÇÃO DE EMBARCAÇÕES DE PESQUISA,,EMBARCAÇÕES FROTA,,ATLÂNTICO SUL,AS,POPA,PPA,SISTEMA DE MOVIMENTAÇÃO,MOV,Guincho de pesca BB/BE,GPE-01,,,,,,,,,,,,,AS01-SMC-GBB / AS01-SMC-GBE,1,,,,,,,,,,,,,,,,,,,,,,,,,,,,,,,,,,,,,,,,,,,,,,,,,,
,,,,,,ATLÂNTICO SUL,AS,POPA,PPA,SISTEMA DE FUNDEIO,SAN,Guincho molinete,GMO-01,,HIDRÁULICO,HID,,,,,,,,,,AS01-SMC-GCE01,1,,,,,,,,,,,,,,,,,,,,,,,,,,,,,,,,,,,,,,,,,,,,,,,,,,
Transporte Marítmo,,OPERAÇÃO DE EMBARCAÇÕES DE PESQUISA,,EMBARCAÇÕES FROTA,,ATLÂNTICO SUL,AS,PROA,PRA,SISTEMA DE ARMAZENAMENTO E TRANSFERÊNCIA DE ÁGUA,SAX,Tanque 1,TAN-01,,ARMAZENAMENTO,ARM,ÁGUA DOCE,,,,,,,,,,,,,,,,,,,,,,,,,,,,,,,,,,,,,,,,,,,,,,,,,,,,,,,,,,,,
Transporte Marítmo,,OPERAÇÃO DE EMBARCAÇÕES DE PESQUISA,,EMBARCAÇÕES FROTA,,ATLÂNTICO SUL,AS,PROA,PRA,SISTEMA DE ARMAZENAMENTO E TRANSFERÊNCIA DE ÁGUA,SAX,Tanque 2,TAN-02,,ARMAZENAMENTO,ARM,ÁGUA DOCE,,,,,,,,,,,,,,,,,,,,,,,,,,,,,,,,,,,,,,,,,,,,,,,,,,,,,,,,,,,,
Transporte Marítmo,,OPERAÇÃO DE EMBARCAÇÕES DE PESQUISA,,EMBARCAÇÕES FROTA,,ATLÂNTICO SUL,AS,PROA,PRA,SISTEMA DE CLIMATIZAÇÃO,SDC,Exaustor da proa - banheiro,EXR-02,,AXIAL,AXL,AR,,,,,,,,,AS01-SAD-EXP01,,,,,,,,,,,,,,,,,,,,,,,,,,,,,,,,,,,,,,,,,,,,,,,,,,,
Transporte Marítmo,,OPERAÇÃO DE EMBARCAÇÕES DE PESQUISA,,EMBARCAÇÕES FROTA,,ATLÂNTICO SUL,AS,PROA,PRA,SISTEMA DE CLIMATIZAÇÃO,SDC,Exaustor da proa - camarote,EXR-02,,AXIAL,AXL,AR,,,,,,,,,AS01-SAD-EXP01,,,,,,,,,,,,,,,,,,,,,,,,,,,,,,,,,,,,,,,,,,,,,,,,,,,
Transporte Marítmo,,OPERAÇÃO DE EMBARCAÇÕES DE PESQUISA,,EMBARCAÇÕES FROTA,,ATLÂNTICO SUL,AS,PROA,PRA,SISTEMA DE FUNDEIO,SAN,Caixa de redução do guincho de ancora,CRE-07,,,,,,,,,,,,,,1,,,,,,,,,,,,,,,,,,,,,,,,,,,,,,,,,,,,,,,,,,,,,,,,,,
Transporte Marítmo,,OPERAÇÃO DE EMBARCAÇÕES DE PESQUISA,,EMBARCAÇÕES FROTA,,ATLÂNTICO SUL,AS,PROA,PRA,SISTEMA DE FUNDEIO,SAN,Guincho - ancora,GAN-01,,HIDRÁULICO,HID,,,,,,,,,,,1,,,,,,,,,,,,,,,,,,,,,,,,,,,,,,,,,,,,,,,,,,,,,,,,,,
Transporte Marítmo,,OPERAÇÃO DE EMBARCAÇÕES DE PESQUISA,,EMBARCAÇÕES FROTA,,ATLÂNTICO SUL,AS,PROA,PRA,SISTEMA DE FUNDEIO,SAN,Motor do guincho de ancora,MTG-01,,,,,,,,,,,,,,1,,,,,,,,,,,,,,,,,,,,,,,,,,,,,,,,,,,,,,,,,,,,,,,,,,
Transporte Marítmo,,OPERAÇÃO DE EMBARCAÇÕES DE PESQUISA,,EMBARCAÇÕES FROTA,,CIÊNCIAS DO MAR 01,CM01,CASA DE MÁQUINAS,CMA,AR COMPRIMIDO,ACO,Compressor de ar,CMP-03,,PNEUMÁTICO,PNE,AR,N/A,,,,,,,,,2,,,,,,,,,,,,,,,,,,,,,,,,,,,,,,,,,,,,,,,,,,,,,,,,,,
,,,,,,CIÊNCIAS DO MAR 01,CM01,CASA DE MÁQUINAS,CMA,AR COMPRIMIDO,ACO,Compressor de ar,CMP-03,,PNEUMÁTICO,PNE,AR,,Motor elétrico,,,,,,,,,,,,,,,,,,,,,,,,,,,,,,,,,,,,,,,,,,,,,,,,,,,,,,,,,,
,,,,,,CIÊNCIAS DO MAR 01,CM01,CASA DE MÁQUINAS,CMA,AR COMPRIMIDO,ACO,Compressor de ar,CMP-03,,PNEUMÁTICO,PNE,AR,,Cilindro 1,Anéis,,,,,,,,,,,,,,,,,,,,,,,,,,,,,,,,,,,,,,,,,,,,,,,,,,,,,,,,,
,,,,,,CIÊNCIAS DO MAR 01,CM01,CASA DE MÁQUINAS,CMA,AR COMPRIMIDO,ACO,Compressor de ar,CMP-03,,PNEUMÁTICO,PNE,AR,,Cilindro 1,Pistão,,,,,,,,,,,,,,,,,,,,,,,,,,,,,,,,,,,,,,,,,,,,,,,,,,,,,,,,,
,,,,,,CIÊNCIAS DO MAR 01,CM01,CASA DE MÁQUINAS,CMA,AR COMPRIMIDO,ACO,Compressor de ar,CMP-03,,PNEUMÁTICO,PNE,AR,,Cilindro 1,Biela,,,,,,,,,,,,,,,,,,,,,,,,,,,,,,,,,,,,,,,,,,,,,,,,,,,,,,,,,
,,,,,,CIÊNCIAS DO MAR 01,CM01,CASA DE MÁQUINAS,CMA,AR COMPRIMIDO,ACO,Compressor de ar,CMP-03,,PNEUMÁTICO,PNE,AR,,Cilindro 1,Juntas,,,,,,,,,,,,,,,,,,,,,,,,,,,,,,,,,,,,,,,,,,,,,,,,,,,,,,,,,
,,,,,,CIÊNCIAS DO MAR 01,CM01,CASA DE MÁQUINAS,CMA,AR COMPRIMIDO,ACO,Compressor de ar,CMP-03,,PNEUMÁTICO,PNE,AR,,Filtro de Ar,,,,,,,,,,,,,,,,,,,,,,,,,,,,,,,,,,,,,,,,,,,,,,,,,,,,,,,,,,
,,,,,,CIÊNCIAS DO MAR 01,CM01,CASA DE MÁQUINAS,CMA,AR COMPRIMIDO,ACO,Compressor de ar,CMP-03,,PNEUMÁTICO,PNE,AR,,Elemento Filtrante,,,,,,,,,,,,,,,,,,,,,,,,,,,,,,,,,,,,,,,,,,,,,,,,,,,,,,,,,,
,,,,,,CIÊNCIAS DO MAR 01,CM01,CASA DE MÁQUINAS,CMA,AR COMPRIMIDO,ACO,Compressor de ar,CMP-03,,PNEUMÁTICO,PNE,AR,,Correia,,,,,,,,,,,,,,,,,,,,,,,,,,,,,,,,,,,,,,,,,,,,,,,,,,,,,,,,,,
Transporte Marítmo,,OPERAÇÃO DE EMBARCAÇÕES DE PESQUISA,,EMBARCAÇÕES FROTA,,CIÊNCIAS DO MAR 01,CM01,CASA DE MÁQUINAS,CMA,SISTEMA DE ARMAZENAMENTO E TRANSFERÊNCIA DE ÓLEO DIESEL,SAO,Bomba transferência do diesel,SAO-02,,,,DIESEL,N/A,,,,,,,,,2,,,,,,,,,,,,,,,,,,,,,,,,,,,,,,,,,,,,,,,,,,,,,,,,,,
,,,,,,CIÊNCIAS DO MAR 01,CM01,CASA DE MÁQUINAS,CMA,SISTEMA DE ESGOTO E LASTRO,SEL,Separadora água e óleo,SAO-02,,,,DIESEL,N/A,,,,,,,,,2,,,,,,,,,,,,,,,,,,,,,,,,,,,,,,,,,,,,,,,,,,,,,,,,,,
Transporte Marítmo,,OPERAÇÃO DE EMBARCAÇÕES DE PESQUISA,,EMBARCAÇÕES FROTA,,CIÊNCIAS DO MAR 01,CM01,CASA DE MÁQUINAS,CMA,SISTEMA DE ÓLEO COMBUSTÍVEL,SOC,Separadora Centrífuga de Óleo Diesel,SOC-01,,,,DIESEL,N/A,,,,,,,,,2,,,,,,,,,,,,,,,,,,,,,,,,,,,,,,,,,,,,,,,,,,,,,,,,,,
Transporte Marítmo,,OPERAÇÃO DE EMBARCAÇÕES DE PESQUISA,,EMBARCAÇÕES FROTA,,CIÊNCIAS DO MAR 01,CM01,CASA DE MÁQUINAS,CMA,SISTEMA DE MOVIMENTAÇÃO,MOV,Central hidráulica Munck e Guincho da âncora - NAVALSUL,UHD-01,,,,ÓLEO HIDRÁULICO,N/A,Bomba Hidráulica,,,,,,,,2,,,,,,,,,,,,,,,,,,,,,,,,,,,,,,,,,,,,,,,,,,,,,,,,,,
Transporte Marítmo,,OPERAÇÃO DE EMBARCAÇÕES DE PESQUISA,,EMBARCAÇÕES FROTA,,CIÊNCIAS DO MAR 01,CM01,CASA DE MÁQUINAS,CMA,SISTEMA DE MOVIMENTAÇÃO,MOV,Central hidráulica Munck e Guincho da âncora - NAVALSUL,UHD-01,,,,ÓLEO HIDRÁULICO,N/A,Tanque de óleo,,,,,,,,2,,,,,,,,,,,,,,,,,,,,,,,,,,,,,,,,,,,,,,,,,,,,,,,,,,
Transporte Marítmo,,OPERAÇÃO DE EMBARCAÇÕES DE PESQUISA,,EMBARCAÇÕES FROTA,,CIÊNCIAS DO MAR 01,CM01,CASA DE MÁQUINAS,CMA,SISTEMA DE MOVIMENTAÇÃO,MOV,Central hidráulica do Guincho de Pesca e Oceanográfico - NAVALSUL,UHD-02,,,,ÓLEO HIDRÁULICO,N/A,,,,,,,,,2,,,,,,,,,,,,,,,,,,,,,,,,,,,,,,,,,,,,,,,,,,,,,,,,,,
Transporte Marítmo,,OPERAÇÃO DE EMBARCAÇÕES DE PESQUISA,,EMBARCAÇÕES FROTA,,CIÊNCIAS DO MAR 01,CM01,CASA DE MÁQUINAS,CMA,SISTEMA DE MOVIMENTAÇÃO,MOV,Central hidráulica do Guincho de Pesca e Oceanográfico - NAVALSUL,UHD-02,,,,ÓLEO HIDRÁULICO,N/A,Bomba Hidráulica,,,,,,,,2,,,,,,,,,,,,,,,,,,,,,,,,,,,,,,,,,,,,,,,,,,,,,,,,,,
Transporte Marítmo,,OPERAÇÃO DE EMBARCAÇÕES DE PESQUISA,,EMBARCAÇÕES FROTA,,CIÊNCIAS DO MAR 01,CM01,CASA DE MÁQUINAS,CMA,SISTEMA DE MOVIMENTAÇÃO,MOV,Central hidráulica do Guincho de Pesca e Oceanográfico - NAVALSUL,UHD-02,,,,ÓLEO HIDRÁULICO,N/A,Bomba Hidráulica,,,,,,,,2,,,,,,,,,,,,,,,,,,,,,,,,,,,,,,,,,,,,,,,,,,,,,,,,,,
Transporte Marítmo,,OPERAÇÃO DE EMBARCAÇÕES DE PESQUISA,,EMBARCAÇÕES FROTA,,CIÊNCIAS DO MAR 01,CM01,CASA DE MÁQUINAS,CMA,SISTEMA DE MOVIMENTAÇÃO,MOV,Central hidráulica do Guincho de Pesca e Oceanográfico - NAVALSUL,UHD-02,,,,ÓLEO HIDRÁULICO,N/A,Tanque de óleo,,,,,,,,2,,,,,,,,,,,,,,,,,,,,,,,,,,,,,,,,,,,,,,,,,,,,,,,,,,
Transporte Marítmo,,OPERAÇÃO DE EMBARCAÇÕES DE PESQUISA,,EMBARCAÇÕES FROTA,,CIÊNCIAS DO MAR 01,CM01,CASA DE MÁQUINAS,CMA,SISTEMA DE ARMAZENAMENTO E TRANSFERÊNCIA DE ÁGUA,SAX,Bolier Água doce 1,,,,,ÁGUA DOCE,,,,,,,,,,,,,,,,,,,,,,,,,,,,,,,,,,,,,,,,,,,,,,,,,,,,,,,,,,,,
Transporte Marítmo,,OPERAÇÃO DE EMBARCAÇÕES DE PESQUISA,,EMBARCAÇÕES FROTA,,CIÊNCIAS DO MAR 01,CM01,CASA DE MÁQUINAS,CMA,SISTEMA DE ARMAZENAMENTO E TRANSFERÊNCIA DE ÁGUA,SAX,Bolier Água doce 2,,,,,ÁGUA DOCE,,,,,,,,,,,,,,,,,,,,,,,,,,,,,,,,,,,,,,,,,,,,,,,,,,,,,,,,,,,,
Transporte Marítmo,,OPERAÇÃO DE EMBARCAÇÕES DE PESQUISA,,EMBARCAÇÕES FROTA,,CIÊNCIAS DO MAR 01,CM01,CASA DE MÁQUINAS,CMA,SISTEMA DE ARMAZENAMENTO E TRANSFERÊNCIA DE ÁGUA,SAX,Boiler Água Salgada,,,,,ÁGUA SALGADA,,,,,,,,,,,,,,,,,,,,,,,,,,,,,,,,,,,,,,,,,,,,,,,,,,,,,,,,,,,,
Transporte Marítmo,,OPERAÇÃO DE EMBARCAÇÕES DE PESQUISA,,EMBARCAÇÕES FROTA,,CIÊNCIAS DO MAR 01,CM01,CASA DE MÁQUINAS,CMA,SISTEMA DE ARMAZENAMENTO E TRANSFERÊNCIA DE ÁGUA,SAX,Boiler chuveiros,,,,,ÁGUA DOCE,,,,,,,,,,,,,,,,,,,,,,,,,,,,,,,,,,,,,,,,,,,,,,,,,,,,,,,,,,,,
Transporte Marítmo,,OPERAÇÃO DE EMBARCAÇÕES DE PESQUISA,,EMBARCAÇÕES FROTA,,CIÊNCIAS DO MAR 01,CM01,CASA DE MÁQUINAS,CMA,SISTEMA DE ARMAZENAMENTO E TRANSFERÊNCIA DE ÁGUA,SAX,Tanque de água doce 1,,,,,ÁGUA DOCE,,,,,,,,,,,,,,,,,,,,,,,,,,,,,,,,,,,,,,,,,,,,,,,,,,,,,,,,,,,,
Transporte Marítmo,,OPERAÇÃO DE EMBARCAÇÕES DE PESQUISA,,EMBARCAÇÕES FROTA,,CIÊNCIAS DO MAR 01,CM01,CASA DE MÁQUINAS,CMA,SISTEMA DE ARMAZENAMENTO E TRANSFERÊNCIA DE ÁGUA,SAX,Tanque de água doce 2,,,,,ÁGUA DOCE,,,,,,,,,,,,,,,,,,,,,,,,,,,,,,,,,,,,,,,,,,,,,,,,,,,,,,,,,,,,
Transporte Marítmo,,OPERAÇÃO DE EMBARCAÇÕES DE PESQUISA,,EMBARCAÇÕES FROTA,,CIÊNCIAS DO MAR 01,CM01,CASA DE MÁQUINAS,CMA,SISTEMA DE ARMAZENAMENTO E TRANSFERÊNCIA DE ÓLEO DIESEL,SAO,Válvula Diesel 01,,,,,DIESEL,,,,,,,,,,,,,,,,,,,,,,,,,,,,,,,,,,,,,,,,,,,,,,,,,,,,,,,,,,,,
Transporte Marítmo,,OPERAÇÃO DE EMBARCAÇÕES DE PESQUISA,,EMBARCAÇÕES FROTA,,CIÊNCIAS DO MAR 01,CM01,CASA DE MÁQUINAS,CMA,SISTEMA DE ARMAZENAMENTO E TRANSFERÊNCIA DE ÓLEO DIESEL,SAO,Válvula Diesel 02,,,,,DIESEL,,,,,,,,,,,,,,,,,,,,,,,,,,,,,,,,,,,,,,,,,,,,,,,,,,,,,,,,,,,,
Transporte Marítmo,,OPERAÇÃO DE EMBARCAÇÕES DE PESQUISA,,EMBARCAÇÕES FROTA,,CIÊNCIAS DO MAR 01,CM01,CASA DE MÁQUINAS,CMA,SISTEMA DE ARMAZENAMENTO E TRANSFERÊNCIA DE ÓLEO DIESEL,SAO,Válvula Diesel 03,,,,,DIESEL,,,,,,,,,,,,,,,,,,,,,,,,,,,,,,,,,,,,,,,,,,,,,,,,,,,,,,,,,,,,
Transporte Marítmo,,OPERAÇÃO DE EMBARCAÇÕES DE PESQUISA,,EMBARCAÇÕES FROTA,,CIÊNCIAS DO MAR 01,CM01,CASA DE MÁQUINAS,CMA,SISTEMA DE ARMAZENAMENTO E TRANSFERÊNCIA DE ÓLEO DIESEL,SAO,Válvula Diesel 04,,,,,DIESEL,,,,,,,,,,,,,,,,,,,,,,,,,,,,,,,,,,,,,,,,,,,,,,,,,,,,,,,,,,,,
,,,,,,CIÊNCIAS DO MAR 01,CM01,CASA DE MÁQUINAS,CMA,SISTEMA DE ARMAZENAMENTO E TRANSFERÊNCIA DE ÓLEO DIESEL,SAO,Válvula Diesel 05,,,,,DIESEL,,,,,,,,,,,,,,,,,,,,,,,,,,,,,,,,,,,,,,,,,,,,,,,,,,,,,,,,,,,,
Transporte Marítmo,,OPERAÇÃO DE EMBARCAÇÕES DE PESQUISA,,EMBARCAÇÕES FROTA,,CIÊNCIAS DO MAR 01,CM01,CASA DE MÁQUINAS,CMA,SISTEMA DE ARMAZENAMENTO E TRANSFERÊNCIA DE ÓLEO DIESEL,SAO,Válvula Diesel 06,,,,,DIESEL,,,,,,,,,,,,,,,,,,,,,,,,,,,,,,,,,,,,,,,,,,,,,,,,,,,,,,,,,,,,
Transporte Marítmo,,OPERAÇÃO DE EMBARCAÇÕES DE PESQUISA,,EMBARCAÇÕES FROTA,,CIÊNCIAS DO MAR 01,CM01,CASA DE MÁQUINAS,CMA,SISTEMA DE ARMAZENAMENTO E TRANSFERÊNCIA DE ÓLEO DIESEL,SAO,Válvula Diesel 07,,,,,DIESEL,,,,,,,,,,,,,,,,,,,,,,,,,,,,,,,,,,,,,,,,,,,,,,,,,,,,,,,,,,,,
Transporte Marítmo,,OPERAÇÃO DE EMBARCAÇÕES DE PESQUISA,,EMBARCAÇÕES FROTA,,CIÊNCIAS DO MAR 01,CM01,CASA DE MÁQUINAS,CMA,SISTEMA DE ARMAZENAMENTO E TRANSFERÊNCIA DE ÓLEO DIESEL,SAO,Válvula Diesel 08,,,,,DIESEL,,,,,,,,,,,,,,,,,,,,,,,,,,,,,,,,,,,,,,,,,,,,,,,,,,,,,,,,,,,,
Transporte Marítmo,,OPERAÇÃO DE EMBARCAÇÕES DE PESQUISA,,EMBARCAÇÕES FROTA,,CIÊNCIAS DO MAR 01,CM01,CASA DE MÁQUINAS,CMA,SISTEMA DE ARMAZENAMENTO E TRANSFERÊNCIA DE ÓLEO DIESEL,SAO,Válvula Diesel 09,,,,,DIESEL,,,,,,,,,,,,,,,,,,,,,,,,,,,,,,,,,,,,,,,,,,,,,,,,,,,,,,,,,,,,
Transporte Marítmo,,OPERAÇÃO DE EMBARCAÇÕES DE PESQUISA,,EMBARCAÇÕES FROTA,,CIÊNCIAS DO MAR 01,CM01,CASA DE MÁQUINAS,CMA,SISTEMA DE ARMAZENAMENTO E TRANSFERÊNCIA DE ÓLEO DIESEL,SAO,Válvula Diesel 10,,,,,DIESEL,,,,,,,,,,,,,,,,,,,,,,,,,,,,,,,,,,,,,,,,,,,,,,,,,,,,,,,,,,,,
Transporte Marítmo,,OPERAÇÃO DE EMBARCAÇÕES DE PESQUISA,,EMBARCAÇÕES FROTA,,CIÊNCIAS DO MAR 01,CM01,CASA DE MÁQUINAS,CMA,SISTEMA DE ARMAZENAMENTO E TRANSFERÊNCIA DE ÓLEO DIESEL,SAO,Válvula Diesel 11,,,,,DIESEL,,,,,,,,,,,,,,,,,,,,,,,,,,,,,,,,,,,,,,,,,,,,,,,,,,,,,,,,,,,,
Transporte Marítmo,,OPERAÇÃO DE EMBARCAÇÕES DE PESQUISA,,EMBARCAÇÕES FROTA,,CIÊNCIAS DO MAR 01,CM01,CASA DE MÁQUINAS,CMA,SISTEMA DE ARMAZENAMENTO E TRANSFERÊNCIA DE ÓLEO DIESEL,SAO,Válvula Diesel 12,,,,,DIESEL,,,,,,,,,,,,,,,,,,,,,,,,,,,,,,,,,,,,,,,,,,,,,,,,,,,,,,,,,,,,
Transporte Marítmo,,OPERAÇÃO DE EMBARCAÇÕES DE PESQUISA,,EMBARCAÇÕES FROTA,,CIÊNCIAS DO MAR 01,CM01,CASA DE MÁQUINAS,CMA,SISTEMA DE ESGOTO E LASTRO,SEL,Válvula de esgotamento água salgada 01,,,,,ÁGUA SALGADA,,,,,,,,,,,,,,,,,,,,,,,,,,,,,,,,,,,,,,,,,,,,,,,,,,,,,,,,,,,,
Transporte Marítmo,,OPERAÇÃO DE EMBARCAÇÕES DE PESQUISA,,EMBARCAÇÕES FROTA,,CIÊNCIAS DO MAR 01,CM01,CASA DE MÁQUINAS,CMA,SISTEMA DE ESGOTO E LASTRO,SEL,Válvula de esgotamento água salgada 02,,,,,ÁGUA SALGADA,,,,,,,,,,,,,,,,,,,,,,,,,,,,,,,,,,,,,,,,,,,,,,,,,,,,,,,,,,,,
Transporte Marítmo,,OPERAÇÃO DE EMBARCAÇÕES DE PESQUISA,,EMBARCAÇÕES FROTA,,CIÊNCIAS DO MAR 01,CM01,CASA DE MÁQUINAS,CMA,SISTEMA DE ESGOTO E LASTRO,SEL,Válvula de esgotamento água salgada 03,,,,,ÁGUA SALGADA,,,,,,,,,,,,,,,,,,,,,,,,,,,,,,,,,,,,,,,,,,,,,,,,,,,,,,,,,,,,
Transporte Marítmo,,OPERAÇÃO DE EMBARCAÇÕES DE PESQUISA,,EMBARCAÇÕES FROTA,,CIÊNCIAS DO MAR 01,CM01,CASA DE MÁQUINAS,CMA,SISTEMA DE ESGOTO E LASTRO,SEL,Válvula de esgotamento água salgada 04,,,,,ÁGUA SALGADA,,,,,,,,,,,,,,,,,,,,,,,,,,,,,,,,,,,,,,,,,,,,,,,,,,,,,,,,,,,,
Transporte Marítmo,,OPERAÇÃO DE EMBARCAÇÕES DE PESQUISA,,EMBARCAÇÕES FROTA,,CIÊNCIAS DO MAR 01,CM01,CASA DE MÁQUINAS,CMA,SISTEMA DE ARMAZENAMENTO E TRANSFERÊNCIA DE ÓLEO DIESEL,SAO,Tanque de óleo diesel 2,,,ARMAZENAMENTO,ARM,ÁGUA DOCE,,,,,,,,,,,,,,,,,,,,,,,,,,,,,,,,,,,,,,,,,,,,,,,,,,,,,,,,,,,,
Transporte Marítmo,,OPERAÇÃO DE EMBARCAÇÕES DE PESQUISA,,EMBARCAÇÕES FROTA,,CIÊNCIAS DO MAR 01,CM01,CASA DE MÁQUINAS,CMA,SISTEMA DE ARMAZENAMENTO E TRANSFERÊNCIA DE ÓLEO DIESEL,SAO,Tanque de óleo diesel 3,,,ARMAZENAMENTO,ARM,ÁGUA DOCE,,,,,,,,,,,,,,,,,,,,,,,,,,,,,,,,,,,,,,,,,,,,,,,,,,,,,,,,,,,,
Transporte Marítmo,,OPERAÇÃO DE EMBARCAÇÕES DE PESQUISA,,EMBARCAÇÕES FROTA,,CIÊNCIAS DO MAR 01,CM01,CASA DE MÁQUINAS,CMA,SISTEMA DE ARMAZENAMENTO E TRANSFERÊNCIA DE ÓLEO DIESEL,SAO,Tanque de óleo diesel 4,,,ARMAZENAMENTO,ARM,ÁGUA DOCE,,,,,,,,,,,,,,,,,,,,,,,,,,,,,,,,,,,,,,,,,,,,,,,,,,,,,,,,,,,,
Transporte Marítmo,,OPERAÇÃO DE EMBARCAÇÕES DE PESQUISA,,EMBARCAÇÕES FROTA,,CIÊNCIAS DO MAR 01,CM01,CASA DE MÁQUINAS,CMA,SISTEMA DE CLIMATIZAÇÃO,SDC,Exaustor 01,,,AXIAL,AXL,AR,,,,,,,,,,,,,,,,,,,,,,,,,,,,,,,,,,,,,,,,,,,,,,,,,,,,,,,,,,,,
Transporte Marítmo,,OPERAÇÃO DE EMBARCAÇÕES DE PESQUISA,,EMBARCAÇÕES FROTA,,CIÊNCIAS DO MAR 01,CM01,CASA DE MÁQUINAS,CMA,SISTEMA DE CLIMATIZAÇÃO,SDC,Exaustor 02,,,AXIAL,AXL,AR,,,,,,,,,,,,,,,,,,,,,,,,,,,,,,,,,,,,,,,,,,,,,,,,,,,,,,,,,,,,
Transporte Marítmo,,OPERAÇÃO DE EMBARCAÇÕES DE PESQUISA,,EMBARCAÇÕES FROTA,,CIÊNCIAS DO MAR 01,CM01,CASA DE MÁQUINAS,CMA,SISTEMA DE CLIMATIZAÇÃO,SDC,Exaustor 03,,,AXIAL,AXL,AR,,,,,,,,,,,,,,,,,,,,,,,,,,,,,,,,,,,,,,,,,,,,,,,,,,,,,,,,,,,,
Transporte Marítmo,,OPERAÇÃO DE EMBARCAÇÕES DE PESQUISA,,EMBARCAÇÕES FROTA,,CIÊNCIAS DO MAR 01,CM01,CASA DE MÁQUINAS,CMA,SISTEMA DE CLIMATIZAÇÃO,SDC,Motor Elétrico do Exaustor 01,,,,,ENERGIA,,,,,,,,,,,,,,,,,,,,,,,,,,,,,,,,,,,,,,,,,,,,,,,,,,,,,,,,,,,,
Transporte Marítmo,,OPERAÇÃO DE EMBARCAÇÕES DE PESQUISA,,EMBARCAÇÕES FROTA,,CIÊNCIAS DO MAR 01,CM01,CASA DE MÁQUINAS,CMA,SISTEMA DE CLIMATIZAÇÃO,SDC,Motor Elétrico do Exaustor 02,,,,,ENERGIA,,,,,,,,,,,,,,,,,,,,,,,,,,,,,,,,,,,,,,,,,,,,,,,,,,,,,,,,,,,,
Transporte Marítmo,,OPERAÇÃO DE EMBARCAÇÕES DE PESQUISA,,EMBARCAÇÕES FROTA,,CIÊNCIAS DO MAR 01,CM01,CASA DE MÁQUINAS,CMA,SISTEMA DE CLIMATIZAÇÃO,SDC,Motor Elétrico do Exaustor 03,,,,,ENERGIA,,,,,,,,,,,,,,,,,,,,,,,,,,,,,,,,,,,,,,,,,,,,,,,,,,,,,,,,,,,,
Transporte Marítmo,,OPERAÇÃO DE EMBARCAÇÕES DE PESQUISA,,EMBARCAÇÕES FROTA,,CIÊNCIAS DO MAR 01,CM01,CASA DE MÁQUINAS,CMA,SISTEMA DE ARMAZENAMENTO E TRANSFERÊNCIA DE ÁGUA,SAX,Bomba transferencia água doce 1,,,,,ÁGUA DOCE,,,,,,,,,,,,,,,,,,,,,,,,,,,,,,,,,,,,,,,,,,,,,,,,,,,,,,,,,,,,
Transporte Marítmo,,OPERAÇÃO DE EMBARCAÇÕES DE PESQUISA,,EMBARCAÇÕES FROTA,,CIÊNCIAS DO MAR 01,CM01,CASA DE MÁQUINAS,CMA,SISTEMA DE ARMAZENAMENTO E TRANSFERÊNCIA DE ÁGUA,SAX,Bomba transferencia água doce 2,,,,,ÁGUA DOCE,,,,,,,,,,,,,,,,,,,,,,,,,,,,,,,,,,,,,,,,,,,,,,,,,,,,,,,,,,,,
Transporte Marítmo,,OPERAÇÃO DE EMBARCAÇÕES DE PESQUISA,,EMBARCAÇÕES FROTA,,CIÊNCIAS DO MAR 01,CM01,CASA DE MÁQUINAS,CMA,SISTEMA DE ESGOTO E LASTRO,SEL,Separador de Água e Óleo,,,,,,,,,,,,,,,,,,,,,,,,,,,,,,,,,,,,,,,,,,,,,,,,,,,,,,,,,,,,,,,,,
Transporte Marítmo,,OPERAÇÃO DE EMBARCAÇÕES DE PESQUISA,,EMBARCAÇÕES FROTA,,CIÊNCIAS DO MAR 01,CM01,CASA DE MÁQUINAS,CMA,SISTEMA DE ARMAZENAMENTO E TRANSFERÊNCIA DE ÁGUA,SAX,Pressurizador da rede de água salgada,,,,,ÁGUA SALGADA,,,,,,,,,,,,,,,,,,,,,,,,,,,,,,,,,,,,,,,,,,,,,,,,,,,,,,,,,,,,
,,,,,,CIÊNCIAS DO MAR 01,CM01,CASA DE MÁQUINAS,CMA,SISTEMA DE ESGOTO E LASTRO,SEL,Bomba de Esgote Porão 1,,,,,ÁGUA SALGADA,,,,,,,,,,,,,,,,,,,,,,,,,,,,,,,,,,,,,,,,,,,,,,,,,,,,,,,,,,,,
Transporte Marítmo,,OPERAÇÃO DE EMBARCAÇÕES DE PESQUISA,,EMBARCAÇÕES FROTA,,CIÊNCIAS DO MAR 01,CM01,CASA DE MÁQUINAS,CMA,SISTEMA DE ESGOTO E LASTRO,SEL,Bomba de Esgote Porão 2,,,,,ÁGUA SALGADA,,,,,,,,,,,,,,,,,,,,,,,,,,,,,,,,,,,,,,,,,,,,,,,,,,,,,,,,,,,,
Transporte Marítmo,,OPERAÇÃO DE EMBARCAÇÕES DE PESQUISA,,EMBARCAÇÕES FROTA,,CIÊNCIAS DO MAR 01,CM01,CASA DE MÁQUINAS,CMA,SISTEMA AUXILIAR,SAX,Bomba de Esgoto sanitário,,,,,ÁGUA SALGADA,,,,,,,,,,,,,,,,,,,,,,,,,,,,,,,,,,,,,,,,,,,,,,,,,,,,,,,,,,,,
Transporte Marítmo,,OPERAÇÃO DE EMBARCAÇÕES DE PESQUISA,,EMBARCAÇÕES FROTA,,CIÊNCIAS DO MAR 01,CM01,CASA DE MÁQUINAS,CMA,SISTEMA DE GOVERNO NÁUTICO,SGN,Leme BB,,,,,,,,,,,,,,,,,,,,,,,,,,,,,,,,,,,,,,,,,,,,,,,,,,,,,,,,,,,,,,,,,
Transporte Marítmo,,OPERAÇÃO DE EMBARCAÇÕES DE PESQUISA,,EMBARCAÇÕES FROTA,,CIÊNCIAS DO MAR 01,CM01,CASA DE MÁQUINAS,CMA,SISTEMA DE GOVERNO NÁUTICO,SGN,Leme BE,,,,,,,,,,,,,,,,,,,,,,,,,,,,,,,,,,,,,,,,,,,,,,,,,,,,,,,,,,,,,,,,,
Transporte Marítmo,,OPERAÇÃO DE EMBARCAÇÕES DE PESQUISA,,EMBARCAÇÕES FROTA,,CIÊNCIAS DO MAR 01,CM01,CASA DE MÁQUINAS,CMA,SISTEMA DE GOVERNO NÁUTICO,SGN,Bomba Leme 1,,,,,ÁGUA SALGADA,,,,,,,,,,,,,,,,,,,,,,,,,,,,,,,,,,,,,,,,,,,,,,,,,,,,,,,,,,,,
Transporte Marítmo,,OPERAÇÃO DE EMBARCAÇÕES DE PESQUISA,,EMBARCAÇÕES FROTA,,CIÊNCIAS DO MAR 01,CM01,CASA DE MÁQUINAS,CMA,SISTEMA DE GOVERNO NÁUTICO,SGN,Bomba Leme 2,,,,,ÁGUA SALGADA,,,,,,,,,,,,,,,,,,,,,,,,,,,,,,,,,,,,,,,,,,,,,,,,,,,,,,,,,,,,
Transporte Marítmo,,OPERAÇÃO DE EMBARCAÇÕES DE PESQUISA,,EMBARCAÇÕES FROTA,,CIÊNCIAS DO MAR 01,CM01,CASA DE MÁQUINAS,CMA,SISTEMA DE ARMAZENAMENTO E TRANSFERÊNCIA DE ÓLEO DIESEL,SAO,Tanque de Serviço do Combustível,TSC-01,,,,,N/A,,,,,,,,,,,,,,,,,,,,,,,,,,,,,,,,,,,,,,,,,,,,,,,,,,,,,,,,,,,
Transporte Marítmo,,OPERAÇÃO DE EMBARCAÇÕES DE PESQUISA,,EMBARCAÇÕES FROTA,,CIÊNCIAS DO MAR 01,CM01,CASA DE MÁQUINAS,CMA,SISTEMA DE PROPULSÃO,SPP,Motor de Combustão Principal BB/BE - SCÂNIA - DI 13,MTP-02,,COMBUSTÃO,CMB,,N/A,Filtro de Ar,,,,,,,,2,,,,,,,,,,,,,,,,,,,,,,,,,,,,,,,,,,,,,,,,,,,,,,,,,,
Transporte Marítmo,,OPERAÇÃO DE EMBARCAÇÕES DE PESQUISA,,EMBARCAÇÕES FROTA,,CIÊNCIAS DO MAR 01,CM01,CASA DE MÁQUINAS,CMA,SISTEMA DE PROPULSÃO,SPP,Motor de Combustão Principal BB/BE - SCÂNIA - DI 13,MTP-02,,COMBUSTÃO,CMB,,N/A,Filtro de Combustível,,,,,,,,2,,,,,,,,,,,,,,,,,,,,,,,,,,,,,,,,,,,,,,,,,,,,,,,,,,
Transporte Marítmo,,OPERAÇÃO DE EMBARCAÇÕES DE PESQUISA,,EMBARCAÇÕES FROTA,,CIÊNCIAS DO MAR 01,CM01,CASA DE MÁQUINAS,CMA,SISTEMA DE PROPULSÃO,SPP,Motor de Combustão Principal BB/BE - SCÂNIA - DI 13,MTP-02,,COMBUSTÃO,CMB,,N/A,Filtro de Combustível,,,,,,,,2,,,,,,,,,,,,,,,,,,,,,,,,,,,,,,,,,,,,,,,,,,,,,,,,,,
Transporte Marítmo,,OPERAÇÃO DE EMBARCAÇÕES DE PESQUISA,,EMBARCAÇÕES FROTA,,CIÊNCIAS DO MAR 01,CM01,CASA DE MÁQUINAS,CMA,SISTEMA DE PROPULSÃO,SPP,Motor de Combustão Principal BB/BE - SCÂNIA - DI 13,MTP-02,,COMBUSTÃO,CMB,,N/A,Filtro de lubrificante,,,,,,,,2,,,,,,,,,,,,,,,,,,,,,,,,,,,,,,,,,,,,,,,,,,,,,,,,,,
Transporte Marítmo,,OPERAÇÃO DE EMBARCAÇÕES DE PESQUISA,,EMBARCAÇÕES FROTA,,CIÊNCIAS DO MAR 01,CM01,CASA DE MÁQUINAS,CMA,SISTEMA DE PROPULSÃO,SPP,Motor de Combustão Principal BB/BE - SCÂNIA - DI 13,MTP-02,,COMBUSTÃO,CMB,,N/A,Filtro separador água e óleo,,,,,,,,2,,,,,,,,,,,,,,,,,,,,,,,,,,,,,,,,,,,,,,,,,,,,,,,,,,
Transporte Marítmo,,OPERAÇÃO DE EMBARCAÇÕES DE PESQUISA,,EMBARCAÇÕES FROTA,,CIÊNCIAS DO MAR 01,CM01,CASA DE MÁQUINAS,CMA,SISTEMA DE PROPULSÃO,SPP,Motor de Combustão Principal BB/BE - SCÂNIA - DI 13,MTP-02,,COMBUSTÃO,CMB,,N/A,Filtro separador água e óleo,,,,,,,,2,,,,,,,,,,,,,,,,,,,,,,,,,,,,,,,,,,,,,,,,,,,,,,,,,,
Transporte Marítmo,,OPERAÇÃO DE EMBARCAÇÕES DE PESQUISA,,EMBARCAÇÕES FROTA,,CIÊNCIAS DO MAR 01,CM01,CASA DE MÁQUINAS,CMA,SISTEMA DE PROPULSÃO,SPP,Motor de Combustão Principal BB/BE - SCÂNIA - DI 13,MTP-02,,COMBUSTÃO,CMB,,N/A,Bateria 1,,,,,,,,2,,,,,,,,,,,,,,,,,,,,,,,,,,,,,,,,,,,,,,,,,,,,,,,,,,
Transporte Marítmo,,OPERAÇÃO DE EMBARCAÇÕES DE PESQUISA,,EMBARCAÇÕES FROTA,,CIÊNCIAS DO MAR 01,CM01,CASA DE MÁQUINAS,CMA,SISTEMA DE PROPULSÃO,SPP,Motor de Combustão Principal BB/BE - SCÂNIA - DI 13,MTP-02,,COMBUSTÃO,CMB,,N/A,Bateria 2,,,,,,,,2,,,,,,,,,,,,,,,,,,,,,,,,,,,,,,,,,,,,,,,,,,,,,,,,,,
Transporte Marítmo,,OPERAÇÃO DE EMBARCAÇÕES DE PESQUISA,,EMBARCAÇÕES FROTA,,CIÊNCIAS DO MAR 01,CM01,CASA DE MÁQUINAS,CMA,SISTEMA DE PROPULSÃO,SPP,Motor de Combustão Principal BB/BE - SCÂNIA - DI 13,MTP-02,,COMBUSTÃO,CMB,,N/A,Bateria 3,,,,,,,,2,,,,,,,,,,,,,,,,,,,,,,,,,,,,,,,,,,,,,,,,,,,,,,,,,,
Transporte Marítmo,,OPERAÇÃO DE EMBARCAÇÕES DE PESQUISA,,EMBARCAÇÕES FROTA,,CIÊNCIAS DO MAR 01,CM01,CASA DE MÁQUINAS,CMA,SISTEMA DE PROPULSÃO,SPP,Motor de Combustão Principal BB/BE - SCÂNIA - DI 13,MTP-02,,COMBUSTÃO,CMB,,N/A,Bateria 4,,,,,,,,2,,,,,,,,,,,,,,,,,,,,,,,,,,,,,,,,,,,,,,,,,,,,,,,,,,
Transporte Marítmo,,OPERAÇÃO DE EMBARCAÇÕES DE PESQUISA,,EMBARCAÇÕES FROTA,,CIÊNCIAS DO MAR 01,CM01,CASA DE MÁQUINAS,CMA,SISTEMA DE PROPULSÃO,SPP,Motor de Combustão Principal BB/BE - SCÂNIA - DI 13,MTP-02,,COMBUSTÃO,CMB,,N/A,Bateria 5,,,,,,,,2,,,,,,,,,,,,,,,,,,,,,,,,,,,,,,,,,,,,,,,,,,,,,,,,,,
Transporte Marítmo,,OPERAÇÃO DE EMBARCAÇÕES DE PESQUISA,,EMBARCAÇÕES FROTA,,CIÊNCIAS DO MAR 01,CM01,CASA DE MÁQUINAS,CMA,SISTEMA DE PROPULSÃO,SPP,Motor de Combustão Principal BB/BE - SCÂNIA - DI 13,MTP-02,,COMBUSTÃO,CMB,,N/A,Bateria 6,,,,,,,,2,,,,,,,,,,,,,,,,,,,,,,,,,,,,,,,,,,,,,,,,,,,,,,,,,,
Transporte Marítmo,,OPERAÇÃO DE EMBARCAÇÕES DE PESQUISA,,EMBARCAÇÕES FROTA,,CIÊNCIAS DO MAR 01,CM01,CASA DE MÁQUINAS,CMA,SISTEMA DE PROPULSÃO,SPP,Motor de Combustão Principal BB/BE - SCÂNIA - DI 13,MTP-01,,COMBUSTÃO,CMB,,N/A,Filtro de Ar,,,,,,,,2,,,,,,,,,,,,,,,,,,,,,,,,,,,,,,,,,,,,,,,,,,,,,,,,,,
Transporte Marítmo,,OPERAÇÃO DE EMBARCAÇÕES DE PESQUISA,,EMBARCAÇÕES FROTA,,CIÊNCIAS DO MAR 01,CM01,CASA DE MÁQUINAS,CMA,SISTEMA DE PROPULSÃO,SPP,Motor de Combustão Principal BB/BE - SCÂNIA - DI 13,MTP-01,,COMBUSTÃO,CMB,,N/A,Filtro de Combustível,,,,,,,,2,,,,,,,,,,,,,,,,,,,,,,,,,,,,,,,,,,,,,,,,,,,,,,,,,,
Transporte Marítmo,,OPERAÇÃO DE EMBARCAÇÕES DE PESQUISA,,EMBARCAÇÕES FROTA,,CIÊNCIAS DO MAR 01,CM01,CASA DE MÁQUINAS,CMA,SISTEMA DE PROPULSÃO,SPP,Motor de Combustão Principal BB/BE - SCÂNIA - DI 13,MTP-01,,COMBUSTÃO,CMB,,N/A,Filtro de Combustível,,,,,,,,2,,,,,,,,,,,,,,,,,,,,,,,,,,,,,,,,,,,,,,,,,,,,,,,,,,
Transporte Marítmo,,OPERAÇÃO DE EMBARCAÇÕES DE PESQUISA,,EMBARCAÇÕES FROTA,,CIÊNCIAS DO MAR 01,CM01,CASA DE MÁQUINAS,CMA,SISTEMA DE PROPULSÃO,SPP,Motor de Combustão Principal BB/BE - SCÂNIA - DI 13,MTP-01,,COMBUSTÃO,CMB,,N/A,Filtro de lubrificante,,,,,,,,2,,,,,,,,,,,,,,,,,,,,,,,,,,,,,,,,,,,,,,,,,,,,,,,,,,
Transporte Marítmo,,OPERAÇÃO DE EMBARCAÇÕES DE PESQUISA,,EMBARCAÇÕES FROTA,,CIÊNCIAS DO MAR 01,CM01,CASA DE MÁQUINAS,CMA,SISTEMA DE PROPULSÃO,SPP,Motor de Combustão Principal BB/BE - SCÂNIA - DI 13,MTP-01,,COMBUSTÃO,CMB,,N/A,Filtro separador água e óleo,,,,,,,,2,,,,,,,,,,,,,,,,,,,,,,,,,,,,,,,,,,,,,,,,,,,,,,,,,,
Transporte Marítmo,,OPERAÇÃO DE EMBARCAÇÕES DE PESQUISA,,EMBARCAÇÕES FROTA,,CIÊNCIAS DO MAR 01,CM01,CASA DE MÁQUINAS,CMA,SISTEMA DE PROPULSÃO,SPP,Motor de Combustão Principal BB/BE - SCÂNIA - DI 13,MTP-01,,COMBUSTÃO,CMB,,N/A,Filtro separador água e óleo,,,,,,,,2,,,,,,,,,,,,,,,,,,,,,,,,,,,,,,,,,,,,,,,,,,,,,,,,,,
Transporte Marítmo,,OPERAÇÃO DE EMBARCAÇÕES DE PESQUISA,,EMBARCAÇÕES FROTA,,CIÊNCIAS DO MAR 01,CM01,CASA DE MÁQUINAS,CMA,SISTEMA DE PROPULSÃO,SPP,Motor de Combustão Principal BB/BE - SCÂNIA - DI 13,MTP-01,,COMBUSTÃO,CMB,,N/A,Bateria 1,,,,,,,,2,,,,,,,,,,,,,,,,,,,,,,,,,,,,,,,,,,,,,,,,,,,,,,,,,,
Transporte Marítmo,,OPERAÇÃO DE EMBARCAÇÕES DE PESQUISA,,EMBARCAÇÕES FROTA,,CIÊNCIAS DO MAR 01,CM01,CASA DE MÁQUINAS,CMA,SISTEMA DE PROPULSÃO,SPP,Motor de Combustão Principal BB/BE - SCÂNIA - DI 13,MTP-01,,COMBUSTÃO,CMB,,N/A,Bateria 2,,,,,,,,2,,,,,,,,,,,,,,,,,,,,,,,,,,,,,,,,,,,,,,,,,,,,,,,,,,
Transporte Marítmo,,OPERAÇÃO DE EMBARCAÇÕES DE PESQUISA,,EMBARCAÇÕES FROTA,,CIÊNCIAS DO MAR 01,CM01,CASA DE MÁQUINAS,CMA,SISTEMA DE PROPULSÃO,SPP,Motor de Combustão Principal BB/BE - SCÂNIA - DI 13,MTP-01,,COMBUSTÃO,CMB,,N/A,Bateria 3,,,,,,,,2,,,,,,,,,,,,,,,,,,,,,,,,,,,,,,,,,,,,,,,,,,,,,,,,,,
Transporte Marítmo,,OPERAÇÃO DE EMBARCAÇÕES DE PESQUISA,,EMBARCAÇÕES FROTA,,CIÊNCIAS DO MAR 01,CM01,CASA DE MÁQUINAS,CMA,SISTEMA DE PROPULSÃO,SPP,Motor de Combustão Principal BB/BE - SCÂNIA - DI 13,MTP-01,,COMBUSTÃO,CMB,,N/A,Bateria 4,,,,,,,,2,,,,,,,,,,,,,,,,,,,,,,,,,,,,,,,,,,,,,,,,,,,,,,,,,,
Transporte Marítmo,,OPERAÇÃO DE EMBARCAÇÕES DE PESQUISA,,EMBARCAÇÕES FROTA,,CIÊNCIAS DO MAR 01,CM01,CASA DE MÁQUINAS,CMA,SISTEMA DE PROPULSÃO,SPP,Motor de Combustão Principal BB/BE - SCÂNIA - DI 13,MTP-01,,COMBUSTÃO,CMB,,N/A,Bateria 5,,,,,,,,2,,,,,,,,,,,,,,,,,,,,,,,,,,,,,,,,,,,,,,,,,,,,,,,,,,
Transporte Marítmo,,OPERAÇÃO DE EMBARCAÇÕES DE PESQUISA,,EMBARCAÇÕES FROTA,,CIÊNCIAS DO MAR 01,CM01,CASA DE MÁQUINAS,CMA,SISTEMA DE PROPULSÃO,SPP,Motor de Combustão Principal BB/BE - SCÂNIA - DI 13,MTP-01,,COMBUSTÃO,CMB,,N/A,Bateria 6,,,,,,,,2,,,,,,,,,,,,,,,,,,,,,,,,,,,,,,,,,,,,,,,,,,,,,,,,,,
Transporte Marítmo,,OPERAÇÃO DE EMBARCAÇÕES DE PESQUISA,,EMBARCAÇÕES FROTA,,CIÊNCIAS DO MAR 01,CM01,CASA DE MÁQUINAS,CMA,SISTEMA DE PROPULSÃO,SPP,Motor de Combustão Auxiliar BB/BE - John Deere - FM 85,MTA-03,,COMBUSTÃO,CMB,,N/A,,,,,,,,,2,,,,,,,,,,,,,,,,,,,,,,,,,,,,,,,,,,,,,,,,,,,,,,,,,,
Transporte Marítmo,,OPERAÇÃO DE EMBARCAÇÕES DE PESQUISA,,EMBARCAÇÕES FROTA,,CIÊNCIAS DO MAR 01,CM01,CASA DE MÁQUINAS,CMA,SISTEMA DE PROPULSÃO,SPP,Motor de Combustão Auxiliar BB/BE - John Deere - FM 85,MTA-03,,COMBUSTÃO,CMB,,N/A,Correia de transmissão,,,,,,,,2,,,,,,,,,,,,,,,,,,,,,,,,,,,,,,,,,,,,,,,,,,,,,,,,,,
Transporte Marítmo,,OPERAÇÃO DE EMBARCAÇÕES DE PESQUISA,,EMBARCAÇÕES FROTA,,CIÊNCIAS DO MAR 01,CM01,CASA DE MÁQUINAS,CMA,SISTEMA DE PROPULSÃO,SPP,Motor de Combustão Auxiliar BB/BE - John Deere - FM 85,MTA-03,,COMBUSTÃO,CMB,,N/A,Filtro de combustível,,,,,,,,2,,,,,,,,,,,,,,,,,,,,,,,,,,,,,,,,,,,,,,,,,,,,,,,,,,
Transporte Marítmo,,OPERAÇÃO DE EMBARCAÇÕES DE PESQUISA,,EMBARCAÇÕES FROTA,,CIÊNCIAS DO MAR 01,CM01,CASA DE MÁQUINAS,CMA,SISTEMA DE PROPULSÃO,SPP,Motor de Combustão Auxiliar BB/BE - John Deere - FM 85,MTA-03,,COMBUSTÃO,CMB,,N/A,Filtro de lubrificante,,,,,,,,2,,,,,,,,,,,,,,,,,,,,,,,,,,,,,,,,,,,,,,,,,,,,,,,,,,
Transporte Marítmo,,OPERAÇÃO DE EMBARCAÇÕES DE PESQUISA,,EMBARCAÇÕES FROTA,,CIÊNCIAS DO MAR 01,CM01,CASA DE MÁQUINAS,CMA,SISTEMA DE PROPULSÃO,SPP,Motor de Combustão Auxiliar BB/BE - John Deere - FM 85,MTA-03,,COMBUSTÃO,CMB,,N/A,Cárter,,,,,,,,2,,,,,,,,,,,,,,,,,,,,,,,,,,,,,,,,,,,,,,,,,,,,,,,,,,
Transporte Marítmo,,OPERAÇÃO DE EMBARCAÇÕES DE PESQUISA,,EMBARCAÇÕES FROTA,,CIÊNCIAS DO MAR 01,CM01,CASA DE MÁQUINAS,CMA,SISTEMA DE PROPULSÃO,SPP,Motor de Combustão Auxiliar BB/BE - John Deere - FM 85,MTA-03,,COMBUSTÃO,CMB,,N/A,Bateria 1,,,,,,,,2,,,,,,,,,,,,,,,,,,,,,,,,,,,,,,,,,,,,,,,,,,,,,,,,,,
Transporte Marítmo,,OPERAÇÃO DE EMBARCAÇÕES DE PESQUISA,,EMBARCAÇÕES FROTA,,CIÊNCIAS DO MAR 01,CM01,CASA DE MÁQUINAS,CMA,SISTEMA DE PROPULSÃO,SPP,Motor de Combustão Auxiliar BB/BE - John Deere - FM 85,MTA-03,,COMBUSTÃO,CMB,,N/A,Bateria 2,,,,,,,,2,,,,,,,,,,,,,,,,,,,,,,,,,,,,,,,,,,,,,,,,,,,,,,,,,,
Transporte Marítmo,,OPERAÇÃO DE EMBARCAÇÕES DE PESQUISA,,EMBARCAÇÕES FROTA,,CIÊNCIAS DO MAR 01,CM01,CASA DE MÁQUINAS,CMA,SISTEMA DE PROPULSÃO,SPP,Motor de Combustão Auxiliar BB/BE - John Deere - FM 85,MTA-03,,COMBUSTÃO,CMB,,N/A,Bateria 3,,,,,,,,2,,,,,,,,,,,,,,,,,,,,,,,,,,,,,,,,,,,,,,,,,,,,,,,,,,
Transporte Marítmo,,OPERAÇÃO DE EMBARCAÇÕES DE PESQUISA,,EMBARCAÇÕES FROTA,,CIÊNCIAS DO MAR 01,CM01,CASA DE MÁQUINAS,CMA,SISTEMA DE PROPULSÃO,SPP,Motor de Combustão Auxiliar BB/BE - John Deere - FM 85,MTA-03,,COMBUSTÃO,CMB,,N/A,Bateria 4,,,,,,,,2,,,,,,,,,,,,,,,,,,,,,,,,,,,,,,,,,,,,,,,,,,,,,,,,,,
Transporte Marítmo,,OPERAÇÃO DE EMBARCAÇÕES DE PESQUISA,,EMBARCAÇÕES FROTA,,CIÊNCIAS DO MAR 01,CM01,CASA DE MÁQUINAS,CMA,SISTEMA DE PROPULSÃO,SPP,Motor de Combustão Auxiliar BB/BE - John Deere - FM 85,MTA-03,,COMBUSTÃO,CMB,,N/A,Bateria 5,,,,,,,,2,,,,,,,,,,,,,,,,,,,,,,,,,,,,,,,,,,,,,,,,,,,,,,,,,,
Transporte Marítmo,,OPERAÇÃO DE EMBARCAÇÕES DE PESQUISA,,EMBARCAÇÕES FROTA,,CIÊNCIAS DO MAR 01,CM01,CASA DE MÁQUINAS,CMA,SISTEMA DE PROPULSÃO,SPP,Motor de Combustão Auxiliar BB/BE - John Deere - FM 85,MTA-03,,COMBUSTÃO,CMB,,N/A,Bateria 6,,,,,,,,2,,,,,,,,,,,,,,,,,,,,,,,,,,,,,,,,,,,,,,,,,,,,,,,,,,
Transporte Marítmo,,OPERAÇÃO DE EMBARCAÇÕES DE PESQUISA,,EMBARCAÇÕES FROTA,,CIÊNCIAS DO MAR 01,CM01,CASA DE MÁQUINAS,CMA,SISTEMA DE PROPULSÃO,SPP,Motor de Combustão Auxiliar BB/BE - John Deere - FM 85,MTA-04,,COMBUSTÃO,CMB,,N/A,,,,,,,,,2,,,,,,,,,,,,,,,,,,,,,,,,,,,,,,,,,,,,,,,,,,,,,,,,,,
Transporte Marítmo,,OPERAÇÃO DE EMBARCAÇÕES DE PESQUISA,,EMBARCAÇÕES FROTA,,CIÊNCIAS DO MAR 01,CM01,CASA DE MÁQUINAS,CMA,SISTEMA DE PROPULSÃO,SPP,Motor de Combustão Auxiliar BB/BE - John Deere - FM 85,MTA-04,,COMBUSTÃO,CMB,,N/A,Correia de transmissão,,,,,,,,2,,,,,,,,,,,,,,,,,,,,,,,,,,,,,,,,,,,,,,,,,,,,,,,,,,
Transporte Marítmo,,OPERAÇÃO DE EMBARCAÇÕES DE PESQUISA,,EMBARCAÇÕES FROTA,,CIÊNCIAS DO MAR 01,CM01,CASA DE MÁQUINAS,CMA,SISTEMA DE PROPULSÃO,SPP,Motor de Combustão Auxiliar BB/BE - John Deere - FM 85,MTA-04,,COMBUSTÃO,CMB,,N/A,Filtro de combustível,,,,,,,,2,,,,,,,,,,,,,,,,,,,,,,,,,,,,,,,,,,,,,,,,,,,,,,,,,,
Transporte Marítmo,,OPERAÇÃO DE EMBARCAÇÕES DE PESQUISA,,EMBARCAÇÕES FROTA,,CIÊNCIAS DO MAR 01,CM01,CASA DE MÁQUINAS,CMA,SISTEMA DE PROPULSÃO,SPP,Motor de Combustão Auxiliar BB/BE - John Deere - FM 85,MTA-04,,COMBUSTÃO,CMB,,N/A,Filtro de lubrificante,,,,,,,,2,,,,,,,,,,,,,,,,,,,,,,,,,,,,,,,,,,,,,,,,,,,,,,,,,,
Transporte Marítmo,,OPERAÇÃO DE EMBARCAÇÕES DE PESQUISA,,EMBARCAÇÕES FROTA,,CIÊNCIAS DO MAR 01,CM01,CASA DE MÁQUINAS,CMA,SISTEMA DE PROPULSÃO,SPP,Motor de Combustão Auxiliar BB/BE - John Deere - FM 85,MTA-04,,COMBUSTÃO,CMB,,N/A,Cárter,,,,,,,,2,,,,,,,,,,,,,,,,,,,,,,,,,,,,,,,,,,,,,,,,,,,,,,,,,,
Transporte Marítmo,,OPERAÇÃO DE EMBARCAÇÕES DE PESQUISA,,EMBARCAÇÕES FROTA,,CIÊNCIAS DO MAR 01,CM01,CASA DE MÁQUINAS,CMA,SISTEMA DE PROPULSÃO,SPP,Motor de Combustão Auxiliar BB/BE - John Deere - FM 85,MTA-04,,COMBUSTÃO,CMB,,N/A,Bateria 1,,,,,,,,2,,,,,,,,,,,,,,,,,,,,,,,,,,,,,,,,,,,,,,,,,,,,,,,,,,
Transporte Marítmo,,OPERAÇÃO DE EMBARCAÇÕES DE PESQUISA,,EMBARCAÇÕES FROTA,,CIÊNCIAS DO MAR 01,CM01,CASA DE MÁQUINAS,CMA,SISTEMA DE PROPULSÃO,SPP,Motor de Combustão Auxiliar BB/BE - John Deere - FM 85,MTA-04,,COMBUSTÃO,CMB,,N/A,Bateria 2,,,,,,,,2,,,,,,,,,,,,,,,,,,,,,,,,,,,,,,,,,,,,,,,,,,,,,,,,,,
Transporte Marítmo,,OPERAÇÃO DE EMBARCAÇÕES DE PESQUISA,,EMBARCAÇÕES FROTA,,CIÊNCIAS DO MAR 01,CM01,CASA DE MÁQUINAS,CMA,SISTEMA DE PROPULSÃO,SPP,Motor de Combustão Auxiliar BB/BE - John Deere - FM 85,MTA-04,,COMBUSTÃO,CMB,,N/A,Bateria 3,,,,,,,,2,,,,,,,,,,,,,,,,,,,,,,,,,,,,,,,,,,,,,,,,,,,,,,,,,,
Transporte Marítmo,,OPERAÇÃO DE EMBARCAÇÕES DE PESQUISA,,EMBARCAÇÕES FROTA,,CIÊNCIAS DO MAR 01,CM01,CASA DE MÁQUINAS,CMA,SISTEMA DE PROPULSÃO,SPP,Motor de Combustão Auxiliar BB/BE - John Deere - FM 85,MTA-04,,COMBUSTÃO,CMB,,N/A,Bateria 4,,,,,,,,2,,,,,,,,,,,,,,,,,,,,,,,,,,,,,,,,,,,,,,,,,,,,,,,,,,
Transporte Marítmo,,OPERAÇÃO DE EMBARCAÇÕES DE PESQUISA,,EMBARCAÇÕES FROTA,,CIÊNCIAS DO MAR 01,CM01,CASA DE MÁQUINAS,CMA,SISTEMA DE PROPULSÃO,SPP,Motor de Combustão Auxiliar BB/BE - John Deere - FM 85,MTA-04,,COMBUSTÃO,CMB,,N/A,Bateria 5,,,,,,,,2,,,,,,,,,,,,,,,,,,,,,,,,,,,,,,,,,,,,,,,,,,,,,,,,,,
Transporte Marítmo,,OPERAÇÃO DE EMBARCAÇÕES DE PESQUISA,,EMBARCAÇÕES FROTA,,CIÊNCIAS DO MAR 01,CM01,CASA DE MÁQUINAS,CMA,SISTEMA DE PROPULSÃO,SPP,Motor de Combustão Auxiliar BB/BE - John Deere - FM 85,MTA-04,,COMBUSTÃO,CMB,,N/A,Bateria 6,,,,,,,,2,,,,,,,,,,,,,,,,,,,,,,,,,,,,,,,,,,,,,,,,,,,,,,,,,,
Transporte Marítmo,,OPERAÇÃO DE EMBARCAÇÕES DE PESQUISA,,EMBARCAÇÕES FROTA,,CIÊNCIAS DO MAR 01,CM01,CASA DE MÁQUINAS,CMA,SISTEMA DE PROPULSÃO,SPP,Caixa redutora BB - MCP,CRE-04,,,,,N/A,,,,,,,,,2,,,,,,,,,,,,,,,,,,,,,,,,,,,,,,,,,,,,,,,,,,,,,,,,,,
Transporte Marítmo,,OPERAÇÃO DE EMBARCAÇÕES DE PESQUISA,,EMBARCAÇÕES FROTA,,CIÊNCIAS DO MAR 01,CM01,CASA DE MÁQUINAS,CMA,SISTEMA DE PROPULSÃO,SPP,Caixa redutora BB - MCP,CRE-04,,,,,N/A,Filtro Hidráulico,,,,,,,,2,,,,,,,,,,,,,,,,,,,,,,,,,,,,,,,,,,,,,,,,,,,,,,,,,,
Transporte Marítmo,,OPERAÇÃO DE EMBARCAÇÕES DE PESQUISA,,EMBARCAÇÕES FROTA,,CIÊNCIAS DO MAR 01,CM01,CASA DE MÁQUINAS,CMA,SISTEMA DE GOVERNO NÁUTICO,SGN,Central hidráulica do Leme - Dtecto,UHD-03,,,,,N/A,,,,,,,,,2,,,,,,,,,,,,,,,,,,,,,,,,,,,,,,,,,,,,,,,,,,,,,,,,,,
Transporte Marítmo,,OPERAÇÃO DE EMBARCAÇÕES DE PESQUISA,,EMBARCAÇÕES FROTA,,CIÊNCIAS DO MAR 01,CM01,CASA DE MÁQUINAS,CMA,SISTEMA DE PROPULSÃO,SPP,Caixa redutora BB - TWIN DISC ,CRE-05,,,,,N/A,,,,,,,,,2,,,,,,,,,,,,,,,,,,,,,,,,,,,,,,,,,,,,,,,,,,,,,,,,,,
Transporte Marítmo,,OPERAÇÃO DE EMBARCAÇÕES DE PESQUISA,,EMBARCAÇÕES FROTA,,CIÊNCIAS DO MAR 01,CM01,CASA DE MÁQUINAS,CMA,SISTEMA DE PROPULSÃO,SPP,Caixa redutora BB - TWIN DISC,CRE-05,,,,,N/A,Filtro Hidráulico,,,,,,,,2,,,,,,,,,,,,,,,,,,,,,,,,,,,,,,,,,,,,,,,,,,,,,,,,,,
Transporte Marítmo,,OPERAÇÃO DE EMBARCAÇÕES DE PESQUISA,,EMBARCAÇÕES FROTA,,CIÊNCIAS DO MAR 01,CM01,CASA DE MÁQUINAS,CMA,SISTEMA DE PROPULSÃO,SPP,Caixa redutora BE - TWIN DISC,CRE-06,,,,,N/A,,,,,,,,,2,,,,,,,,,,,,,,,,,,,,,,,,,,,,,,,,,,,,,,,,,,,,,,,,,,
Transporte Marítmo,,OPERAÇÃO DE EMBARCAÇÕES DE PESQUISA,,EMBARCAÇÕES FROTA,,CIÊNCIAS DO MAR 01,CM01,CASA DE MÁQUINAS,CMA,SISTEMA DE PROPULSÃO,SPP,Caixa redutora BE - TWIN DISC,CRE-06,,,,,N/A,Filtro Hidráulico,,,,,,,,2,,,,,,,,,,,,,,,,,,,,,,,,,,,,,,,,,,,,,,,,,,,,,,,,,,
Transporte Marítmo,,OPERAÇÃO DE EMBARCAÇÕES DE PESQUISA,,EMBARCAÇÕES FROTA,,CIÊNCIAS DO MAR 01,CM01,CASA DE MÁQUINAS,CMA,SISTEMA DE PROPULSÃO,SPP,Hélice BB,,,,,,,,,,,,,,,,,,,,,,,,,,,,,,,,,,,,,,,,,,,,,,,,,,,,,,,,,,,,,,,,,
Transporte Marítmo,,OPERAÇÃO DE EMBARCAÇÕES DE PESQUISA,,EMBARCAÇÕES FROTA,,CIÊNCIAS DO MAR 01,CM01,CASA DE MÁQUINAS,CMA,SISTEMA DE PROPULSÃO,SPP,Hélice BE,,,,,,,,,,,,,,,,,,,,,,,,,,,,,,,,,,,,,,,,,,,,,,,,,,,,,,,,,,,,,,,,,
Transporte Marítmo,,OPERAÇÃO DE EMBARCAÇÕES DE PESQUISA,,EMBARCAÇÕES FROTA,,CIÊNCIAS DO MAR 01,CM01,CASA DE MÁQUINAS,CMA,SISTEMA DE SALVAGUARDA,SSG,Bomba de incêndio 1,,,,,ÁGUA SALGADA,,,,,,,,,,,,,,,,,,,,,,,,,,,,,,,,,,,,,,,,,,,,,,,,,,,,,,,,,,,,
Transporte Marítmo,,OPERAÇÃO DE EMBARCAÇÕES DE PESQUISA,,EMBARCAÇÕES FROTA,,CIÊNCIAS DO MAR 01,CM01,CASA DE MÁQUINAS,CMA,SISTEMA DE SALVAGUARDA,SSG,Bomba de incêndio 2,,,,,ÁGUA SALGADA,,,,,,,,,,,,,,,,,,,,,,,,,,,,,,,,,,,,,,,,,,,,,,,,,,,,,,,,,,,,
Transporte Marítmo,,OPERAÇÃO DE EMBARCAÇÕES DE PESQUISA,,EMBARCAÇÕES FROTA,,CIÊNCIAS DO MAR 01,CM01,CASA DE MÁQUINAS,CMA,SISTEMA DE SALVAGUARDA,SSG,Válvula corta fogo 1,,,,,,,,,,,,,,,,,,,,,,,,,,,,,,,,,,,,,,,,,,,,,,,,,,,,,,,,,,,,,,,,,
,,,,,,CIÊNCIAS DO MAR 01,CM01,CASA DE MÁQUINAS,CMA,SISTEMA DE SALVAGUARDA,SSG,Válvula corta fogo 2,,,,,,,,,,,,,,,,,,,,,,,,,,,,,,,,,,,,,,,,,,,,,,,,,,,,,,,,,,,,,,,,,
,,,,,,CIÊNCIAS DO MAR 01,CM01,CASA DE MÁQUINAS,CMA,SISTEMA DE SALVAGUARDA,SSG,Válvula corta fogo 3,,,,,,,,,,,,,,,,,,,,,,,,,,,,,,,,,,,,,,,,,,,,,,,,,,,,,,,,,,,,,,,,,
,,,,,,CIÊNCIAS DO MAR 01,CM01,CASA DE MÁQUINAS,CMA,SISTEMA ELÉTRICO,SEE,Carregador flutuante de baterias 1,,,,,ENERGIA,,,,,,,,,,,,,,,,,,,,,,,,,,,,,,,,,,,,,,,,,,,,,,,,,,,,,,,,,,,,
,,,,,,CIÊNCIAS DO MAR 01,CM01,CASA DE MÁQUINAS,CMA,SISTEMA ELÉTRICO,SEE,Carregador flutuante de baterias 2,,,,,ENERGIA,,,,,,,,,,,,,,,,,,,,,,,,,,,,,,,,,,,,,,,,,,,,,,,,,,,,,,,,,,,,
,,,,,,CIÊNCIAS DO MAR 01,CM01,CONVÉS,CVS,SISTEMA DE CLIMATIZAÇÃO,SDC,Condicionador de Ar camarote 1,CAC-01,,SPLIT,,AR,,Evaporadora 01,EVA-01,,,,,,,,,,,,,,,,,,,,,,,,,,,,,,,,,,,,,,,,,,,,,,,,,,,,,,,,,
,,,,,,CIÊNCIAS DO MAR 01,CM01,CONVÉS,CVS,SISTEMA DE CLIMATIZAÇÃO,SDC,Condicionador de Ar camarote 2,CAC-02,,SPLIT,,AR,,Evaporadora 02,EVA-02,,,,,,,,,,,,,,,,,,,,,,,,,,,,,,,,,,,,,,,,,,,,,,,,,,,,,,,,,
,,,,,,CIÊNCIAS DO MAR 01,CM01,CONVÉS,CVS,SISTEMA DE CLIMATIZAÇÃO,SDC,Condicionador de Ar camarote 3,CAC-03,,SPLIT,,AR,,Evaporadora 03,EVA-03,,,,,,,,,,,,,,,,,,,,,,,,,,,,,,,,,,,,,,,,,,,,,,,,,,,,,,,,,
,,,,,,CIÊNCIAS DO MAR 01,CM01,CONVÉS,CVS,SISTEMA DE CLIMATIZAÇÃO,SDC,Condicionador de Ar camarote 4,CAC-04,,SPLIT,,AR,,Evaporadora 04,EVA-04,,,,,,,,,,,,,,,,,,,,,,,,,,,,,,,,,,,,,,,,,,,,,,,,,,,,,,,,,
,,,,,,CIÊNCIAS DO MAR 01,CM01,CONVÉS,CVS,SISTEMA DE CLIMATIZAÇÃO,SDC,Condicionador de Ar camarote 5,CAC-05,,SPLIT,,AR,,Evaporadora 05,EVA-05,,,,,,,,,,,,,,,,,,,,,,,,,,,,,,,,,,,,,,,,,,,,,,,,,,,,,,,,,
,,,,,,CIÊNCIAS DO MAR 01,CM01,CONVÉS,CVS,SISTEMA DE CLIMATIZAÇÃO,SDC,Condicionador de Ar camarote 6,CAC-06,,SPLIT,,AR,,Evaporadora 06,EVA-06,,,,,,,,,,,,,,,,,,,,,,,,,,,,,,,,,,,,,,,,,,,,,,,,,,,,,,,,,
,,,,,,CIÊNCIAS DO MAR 01,CM01,CONVÉS,CVS,SISTEMA DE CLIMATIZAÇÃO,SDC,Condicionador de Ar camarote 7,CAC-07,,SPLIT,,AR,,Evaporadora 07,EVA-07,,,,,,,,,,,,,,,,,,,,,,,,,,,,,,,,,,,,,,,,,,,,,,,,,,,,,,,,,
,,,,,,CIÊNCIAS DO MAR 01,CM01,CONVÉS,CVS,SISTEMA DE CLIMATIZAÇÃO,SDC,Condicionador de Ar camarote 8,CAC-08,,SPLIT,,AR,,Evaporadora 08,EVA-08,,,,,,,,,,,,,,,,,,,,,,,,,,,,,,,,,,,,,,,,,,,,,,,,,,,,,,,,,
,,,,,,CIÊNCIAS DO MAR 01,CM01,CONVÉS,CVS,SISTEMA DE CLIMATIZAÇÃO,SDC,Condicionador de Ar camarote 9,CAC-09,,SPLIT,,AR,,Evaporadora 09,EVA-09,,,,,,,,,,,,,,,,,,,,,,,,,,,,,,,,,,,,,,,,,,,,,,,,,,,,,,,,,
,,,,,,CIÊNCIAS DO MAR 01,CM01,CONVÉS,CVS,SISTEMA DE CLIMATIZAÇÃO,SDC,Condicionador de Ar camarote 10,CAC-10,,SPLIT,,AR,,Evaporadora 10,EVA-10,,,,,,,,,,,,,,,,,,,,,,,,,,,,,,,,,,,,,,,,,,,,,,,,,,,,,,,,,
,,,,,,CIÊNCIAS DO MAR 01,CM01,CONVÉS,CVS,SISTEMA DE CLIMATIZAÇÃO,SDC,Condicionador de Ar laboratório 1,CAC-11,,SPLIT,,AR,,Evaporadora 11,EVA-11,,,,,,,,,,,,,,,,,,,,,,,,,,,,,,,,,,,,,,,,,,,,,,,,,,,,,,,,,
,,,,,,CIÊNCIAS DO MAR 01,CM01,CONVÉS,CVS,SISTEMA DE CLIMATIZAÇÃO,SDC,Condicionador de Ar laboratório 2,CAC-12,,SPLIT,,AR,,Evaporadora 12,EVA-12,,,,,,,,,,,,,,,,,,,,,,,,,,,,,,,,,,,,,,,,,,,,,,,,,,,,,,,,,
,,,,,,CIÊNCIAS DO MAR 01,CM01,CONVÉS,CVS,SISTEMA DE CLIMATIZAÇÃO,SDC,Condicionador de Ar acústica,CAC-13,,SPLIT,,AR,,Evaporadora 13,EVA-13,,,,,,,,,,,,,,,,,,,,,,,,,,,,,,,,,,,,,,,,,,,,,,,,,,,,,,,,,
,,,,,,CIÊNCIAS DO MAR 01,CM01,CONVÉS,CVS,SISTEMA DE CLIMATIZAÇÃO,SDC,Condicionador de Ar cozinha,CAC-14,,SPLIT,,AR,,Evaporadora 14,EVA-14,,,,,,,,,,,,,,,,,,,,,,,,,,,,,,,,,,,,,,,,,,,,,,,,,,,,,,,,,
,,,,,,CIÊNCIAS DO MAR 01,CM01,CONVÉS,CVS,SISTEMA DE CLIMATIZAÇÃO,SDC,Condicionador de Ar sala Professor,CAC-15,,SPLIT,,AR,,Evaporadora 15,EVA-15,,,,,,,,,,,,,,,,,,,,,,,,,,,,,,,,,,,,,,,,,,,,,,,,,,,,,,,,,
,,,,,,CIÊNCIAS DO MAR 01,CM01,CONVÉS,CVS,SISTEMA DE CLIMATIZAÇÃO,SDC,Condicionador de Ar ,CAC-16,,SPLIT,,AR,,Evaporadora 16,EVA-16,,,,,,,,,,,,,,,,,,,,,,,,,,,,,,,,,,,,,,,,,,,,,,,,,,,,,,,,,
Transporte Marítmo,,OPERAÇÃO DE EMBARCAÇÕES DE PESQUISA,,EMBARCAÇÕES FROTA,,CIÊNCIAS DO MAR 01,CM01,CONVÉS,CVS,SISTEMA DE CLIMATIZAÇÃO,SDC,Condicionador de Ar ,CAC-17,,SPLIT,,AR,,Evaporadora 17,EVA-17,,,,,,,,,,,,,,,,,,,,,,,,,,,,,,,,,,,,,,,,,,,,,,,,,,,,,,,,,
,,,,,,CIÊNCIAS DO MAR 01,CM01,CONVÉS,CVS,SISTEMA DE CLIMATIZAÇÃO,SDC,Condicionador de Ar ,CAC-18,,SPLIT,,AR,,Evaporadora 18,EVA-18,,,,,,,,,,,,,,,,,,,,,,,,,,,,,,,,,,,,,,,,,,,,,,,,,,,,,,,,,
,,,,,,CIÊNCIAS DO MAR 01,CM01,CONVÉS,CVS,SISTEMA DE CLIMATIZAÇÃO,SDC,Condicionador de Ar ,CAC-19,,SPLIT,,AR,,Evaporadora 19,EVA-19,,,,,,,,,,,,,,,,,,,,,,,,,,,,,,,,,,,,,,,,,,,,,,,,,,,,,,,,,
,,,,,,CIÊNCIAS DO MAR 01,CM01,CONVÉS,CVS,SISTEMA DE CLIMATIZAÇÃO,SDC,Condicionador de Ar ,CAC-20,,SPLIT,,AR,,Evaporadora 20,EVA-20,,,,,,,,,,,,,,,,,,,,,,,,,,,,,,,,,,,,,,,,,,,,,,,,,,,,,,,,,
,,,,,,CIÊNCIAS DO MAR 01,CM01,CONVÉS,CVS,SISTEMA DE CLIMATIZAÇÃO,SDC,Condicionador de Ar camarote 1,CAC-01,,SPLIT,,AR,,Condensadora 01,CDN-01,,,,,,,,,,,,,,,,,,,,,,,,,,,,,,,,,,,,,,,,,,,,,,,,,,,,,,,,,
,,,,,,CIÊNCIAS DO MAR 01,CM01,CONVÉS,CVS,SISTEMA DE CLIMATIZAÇÃO,SDC,Condicionador de Ar camarote 2,CAC-02,,SPLIT,,AR,,Condensadora 02,CDN-02,,,,,,,,,,,,,,,,,,,,,,,,,,,,,,,,,,,,,,,,,,,,,,,,,,,,,,,,,
,,,,,,CIÊNCIAS DO MAR 01,CM01,CONVÉS,CVS,SISTEMA DE CLIMATIZAÇÃO,SDC,Condicionador de Ar camarote 3,CAC-03,,SPLIT,,AR,,Condensadora 03,CDN-03,,,,,,,,,,,,,,,,,,,,,,,,,,,,,,,,,,,,,,,,,,,,,,,,,,,,,,,,,
,,,,,,CIÊNCIAS DO MAR 01,CM01,CONVÉS,CVS,SISTEMA DE CLIMATIZAÇÃO,SDC,Condicionador de Ar camarote 4,CAC-04,,SPLIT,,AR,,Condensadora 04,CDN-04,,,,,,,,,,,,,,,,,,,,,,,,,,,,,,,,,,,,,,,,,,,,,,,,,,,,,,,,,
,,,,,,CIÊNCIAS DO MAR 01,CM01,CONVÉS,CVS,SISTEMA DE CLIMATIZAÇÃO,SDC,Condicionador de Ar camarote 5,CAC-05,,SPLIT,,AR,,Condensadora 05,CDN-05,,,,,,,,,,,,,,,,,,,,,,,,,,,,,,,,,,,,,,,,,,,,,,,,,,,,,,,,,
,,,,,,CIÊNCIAS DO MAR 01,CM01,CONVÉS,CVS,SISTEMA DE CLIMATIZAÇÃO,SDC,Condicionador de Ar camarote 6,CAC-06,,SPLIT,,AR,,Condensadora 06,CDN-06,,,,,,,,,,,,,,,,,,,,,,,,,,,,,,,,,,,,,,,,,,,,,,,,,,,,,,,,,
,,,,,,CIÊNCIAS DO MAR 01,CM01,CONVÉS,CVS,SISTEMA DE CLIMATIZAÇÃO,SDC,Condicionador de Ar camarote 7,CAC-07,,SPLIT,,AR,,Condensadora 07,CDN-07,,,,,,,,,,,,,,,,,,,,,,,,,,,,,,,,,,,,,,,,,,,,,,,,,,,,,,,,,
,,,,,,CIÊNCIAS DO MAR 01,CM01,CONVÉS,CVS,SISTEMA DE CLIMATIZAÇÃO,SDC,Condicionador de Ar camarote 8,CAC-08,,SPLIT,,AR,,Condensadora 08,CDN-08,,,,,,,,,,,,,,,,,,,,,,,,,,,,,,,,,,,,,,,,,,,,,,,,,,,,,,,,,
,,,,,,CIÊNCIAS DO MAR 01,CM01,CONVÉS,CVS,SISTEMA DE CLIMATIZAÇÃO,SDC,Condicionador de Ar camarote 9,CAC-09,,SPLIT,,AR,,Condensadora 09,CDN-09,,,,,,,,,,,,,,,,,,,,,,,,,,,,,,,,,,,,,,,,,,,,,,,,,,,,,,,,,
,,,,,,CIÊNCIAS DO MAR 01,CM01,CONVÉS,CVS,SISTEMA DE CLIMATIZAÇÃO,SDC,Condicionador de Ar camarote 10,CAC-10,,SPLIT,,AR,,Condensadora 10,CDN-10,,,,,,,,,,,,,,,,,,,,,,,,,,,,,,,,,,,,,,,,,,,,,,,,,,,,,,,,,
,,,,,,CIÊNCIAS DO MAR 01,CM01,CONVÉS,CVS,SISTEMA DE CLIMATIZAÇÃO,SDC,Condicionador de Ar laboratório 1,CAC-11,,SPLIT,,AR,,Condensadora 11,CDN-11,,,,,,,,,,,,,,,,,,,,,,,,,,,,,,,,,,,,,,,,,,,,,,,,,,,,,,,,,
,,,,,,CIÊNCIAS DO MAR 01,CM01,CONVÉS,CVS,SISTEMA DE CLIMATIZAÇÃO,SDC,Condicionador de Ar laboratório 2,CAC-12,,SPLIT,,AR,,Condensadora 12,CDN-12,,,,,,,,,,,,,,,,,,,,,,,,,,,,,,,,,,,,,,,,,,,,,,,,,,,,,,,,,
,,,,,,CIÊNCIAS DO MAR 01,CM01,CONVÉS,CVS,SISTEMA DE CLIMATIZAÇÃO,SDC,Condicionador de Ar acústica,CAC-13,,SPLIT,,AR,,Condensadora 13,CDN-13,,,,,,,,,,,,,,,,,,,,,,,,,,,,,,,,,,,,,,,,,,,,,,,,,,,,,,,,,
,,,,,,CIÊNCIAS DO MAR 01,CM01,CONVÉS,CVS,SISTEMA DE CLIMATIZAÇÃO,SDC,Condicionador de Ar cozinha,CAC-14,,SPLIT,,AR,,Condensadora 14,CDN-14,,,,,,,,,,,,,,,,,,,,,,,,,,,,,,,,,,,,,,,,,,,,,,,,,,,,,,,,,
,,,,,,CIÊNCIAS DO MAR 01,CM01,CONVÉS,CVS,SISTEMA DE CLIMATIZAÇÃO,SDC,Condicionador de Ar sala Professor,CAC-15,,SPLIT,,AR,,Condensadora 15,CDN-15,,,,,,,,,,,,,,,,,,,,,,,,,,,,,,,,,,,,,,,,,,,,,,,,,,,,,,,,,
,,,,,,CIÊNCIAS DO MAR 01,CM01,CONVÉS,CVS,SISTEMA DE CLIMATIZAÇÃO,SDC,Condicionador de Ar ,CAC-16,,SPLIT,,AR,,Condensadora 16,CDN-16,,,,,,,,,,,,,,,,,,,,,,,,,,,,,,,,,,,,,,,,,,,,,,,,,,,,,,,,,
Transporte Marítmo,,OPERAÇÃO DE EMBARCAÇÕES DE PESQUISA,,EMBARCAÇÕES FROTA,,CIÊNCIAS DO MAR 01,CM01,CONVÉS,CVS,SISTEMA DE CLIMATIZAÇÃO,SDC,Condicionador de Ar ,CAC-17,,SPLIT,,AR,,Condensadora 17,CDN-17,,,,,,,,,,,,,,,,,,,,,,,,,,,,,,,,,,,,,,,,,,,,,,,,,,,,,,,,,
,,,,,,CIÊNCIAS DO MAR 01,CM01,CONVÉS,CVS,SISTEMA DE CLIMATIZAÇÃO,SDC,Condicionador de Ar ,CAC-18,,SPLIT,,AR,,Condensadora 18,CDN-18,,,,,,,,,,,,,,,,,,,,,,,,,,,,,,,,,,,,,,,,,,,,,,,,,,,,,,,,,
,,,,,,CIÊNCIAS DO MAR 01,CM01,CONVÉS,CVS,SISTEMA DE CLIMATIZAÇÃO,SDC,Condicionador de Ar ,CAC-19,,SPLIT,,AR,,Condensadora 19,CDN-19,,,,,,,,,,,,,,,,,,,,,,,,,,,,,,,,,,,,,,,,,,,,,,,,,,,,,,,,,
,,,,,,CIÊNCIAS DO MAR 01,CM01,CONVÉS,CVS,SISTEMA DE CLIMATIZAÇÃO,SDC,Condicionador de Ar ,CAC-20,,SPLIT,,AR,,Condensadora 20,CDN-20,,,,,,,,,,,,,,,,,,,,,,,,,,,,,,,,,,,,,,,,,,,,,,,,,,,,,,,,,
,,,,,,CIÊNCIAS DO MAR 01,CM01,POPA,PPA,SISTEMA DE MOVIMENTAÇÃO,MOV,Guincho de pesca N1GRD-H2.000-80,GPE-02,,,,,N/A,,,,,,,,,2,,,,,,,,,,,,,,,,,,,,,,,,,,,,,,,,,,,,,,,,,,,,,,,,,,
,,,,,,CIÊNCIAS DO MAR 01,CM01,POPA,PPA,SISTEMA DE MOVIMENTAÇÃO,MOV,Guindaste Naval - MUNCK,GMK-01,,,,,N/A,,,,,,,,,2,,,,,,,,,,,,,,,,,,,,,,,,,,,,,,,,,,,,,,,,,,,,,,,,,,
,,,,,,CIÊNCIAS DO MAR 01,CM01,POPA,PPA,SISTEMA DE MOVIMENTAÇÃO,MOV,Guincho de Espinhel - N1FLW-H-600-10.00),GES-01,,,,,N/A,,,,,,,,,2,,,,,,,,,,,,,,,,,,,,,,,,,,,,,,,,,,,,,,,,,,,,,,,,,,
,,,,,,CIÊNCIAS DO MAR 01,CM01,POPA,PPA,SISTEMA DE MOVIMENTAÇÃO,MOV,Tambor de rede,TRD-01,,,,,N/A,,,,,,,,,2,,,,,,,,,,,,,,,,,,,,,,,,,,,,,,,,,,,,,,,,,,,,,,,,,,
,,,,,,CIÊNCIAS DO MAR 01,CM01,POPA,PPA,SISTEMA DE MOVIMENTAÇÃO,MOV,Guincho de pesca BB,GPE-03,,,,,N/A,,,,,,,,,2,,,,,,,,,,,,,,,,,,,,,,,,,,,,,,,,,,,,,,,,,,,,,,,,,,
,,,,,,CIÊNCIAS DO MAR 01,CM01,POPA,PPA,SISTEMA DE MOVIMENTAÇÃO,MOV,Guincho Oceanografico,GOC-02,,,,,N/A,,,,,,,,,2,,,,,,,,,,,,,,,,,,,,,,,,,,,,,,,,,,,,,,,,,,,,,,,,,,
Transporte Marítmo,,OPERAÇÃO DE EMBARCAÇÕES DE PESQUISA,,EMBARCAÇÕES FROTA,,CIÊNCIAS DO MAR 01,CM01,POPA,PPA,SISTEMA DE MOVIMENTAÇÃO,MOV,Guincho de Espinhel,GES-02,,,,,N/A,,,,,,,,,2,,,,,,,,,,,,,,,,,,,,,,,,,,,,,,,,,,,,,,,,,,,,,,,,,,
Transporte Marítmo,,OPERAÇÃO DE EMBARCAÇÕES DE PESQUISA,,EMBARCAÇÕES FROTA,,CIÊNCIAS DO MAR 01,CM01,POPA,PPA,SISTEMA DE MOVIMENTAÇÃO,MOV,A-Frame Lateral,AFR-02,,,,,N/A,,,,,,,,,2,,,,,,,,,,,,,,,,,,,,,,,,,,,,,,,,,,,,,,,,,,,,,,,,,,
Transporte Marítmo,,OPERAÇÃO DE EMBARCAÇÕES DE PESQUISA,,EMBARCAÇÕES FROTA,,CIÊNCIAS DO MAR 01,CM01,POPA,PPA,SISTEMA DE MOVIMENTAÇÃO,MOV,A-Frame de Ré,AFR-03,,,,,N/A,,,,,,,,,2,,,,,,,,,,,,,,,,,,,,,,,,,,,,,,,,,,,,,,,,,,,,,,,,,,
Transporte Marítmo,,OPERAÇÃO DE EMBARCAÇÕES DE PESQUISA,,EMBARCAÇÕES FROTA,,CIÊNCIAS DO MAR 01,CM01,POPA,PPA,SISTEMA DE FUNDEIO,SAN,Âncora BB,,,,,,,,,,,,,,,,,,,,,,,,,,,,,,,,,,,,,,,,,,,,,,,,,,,,,,,,,,,,,,,,,
Transporte Marítmo,,OPERAÇÃO DE EMBARCAÇÕES DE PESQUISA,,EMBARCAÇÕES FROTA,,CIÊNCIAS DO MAR 01,CM01,POPA,PPA,SISTEMA DE FUNDEIO,SAN,Âncora BE,,,,,,,,,,,,,,,,,,,,,,,,,,,,,,,,,,,,,,,,,,,,,,,,,,,,,,,,,,,,,,,,,
Transporte Marítmo,,OPERAÇÃO DE EMBARCAÇÕES DE PESQUISA,,EMBARCAÇÕES FROTA,,CIÊNCIAS DO MAR 01,CM01,POPA,PPA,SISTEMA DE FUNDEIO,SAN,Molinete,,,,,,,,,,,,,,,,,,,,,,,,,,,,,,,,,,,,,,,,,,,,,,,,,,,,,,,,,,,,,,,,,
Transporte Marítmo,,OPERAÇÃO DE EMBARCAÇÕES DE PESQUISA,,EMBARCAÇÕES FROTA,,CIÊNCIAS DO MAR 01,CM01,POPA,PPA,SISTEMA DE FUNDEIO,SAN,Motor elétrico do molinete,,,ELÉTRICO,ELE,,,,,,,,,,,,,,,,,,,,,,,,,,,,,,,,,,,,,,,,,,,,,,,,,,,,,,,,,,,,,
Transporte Marítmo,,OPERAÇÃO DE EMBARCAÇÕES DE PESQUISA,,EMBARCAÇÕES FROTA,,CIÊNCIAS DO MAR 01,CM01,PROA,PRA,SISTEMA DE ARMAZENAMENTO E TRANSFERÊNCIA DE ÁGUA,SAX,Tanque de água doce 3,,,ARMAZENAMENTO,ARM,,,,,,,,,,,,,,,,,,,,,,,,,,,,,,,,,,,,,,,,,,,,,,,,,,,,,,,,,,,,,
Transporte Marítmo,,OPERAÇÃO DE EMBARCAÇÕES DE PESQUISA,,EMBARCAÇÕES FROTA,,CIÊNCIAS DO MAR 01,CM01,PROA,PRA,SISTEMA DE ARMAZENAMENTO E TRANSFERÊNCIA DE ÓLEO DIESEL,SAO,Tanque de óleo diesel 1,,,ARMAZENAMENTO,ARM,,,,,,,,,,,,,,,,,,,,,,,,,,,,,,,,,,,,,,,,,,,,,,,,,,,,,,,,,,,,,
Transporte Marítmo,,OPERAÇÃO DE EMBARCAÇÕES DE PESQUISA,,EMBARCAÇÕES FROTA,,CIÊNCIAS DO MAR 01,CM01,CASARIA,CSA,SISTEMA DE NAVEGAÇÃO,SNV,Bússola giroscópica,,,ELETRÔNICO,,,,,,,,,,,,,,,,,,,,,,,,,,,,,,,,,,,,,,,,,,,,,,,,,,,,,,,,,,,,,,
Transporte Marítmo,,OPERAÇÃO DE EMBARCAÇÕES DE PESQUISA,,EMBARCAÇÕES FROTA,,CIÊNCIAS DO MAR 01,CM01,CASARIA,CSA,SISTEMA DE NAVEGAÇÃO,SNV,Bússola magnética,,,ELETRÔNICO,,,,,,,,,,,,,,,,,,,,,,,,,,,,,,,,,,,,,,,,,,,,,,,,,,,,,,,,,,,,,,
Transporte Marítmo,,OPERAÇÃO DE EMBARCAÇÕES DE PESQUISA,,EMBARCAÇÕES FROTA,,CIÊNCIAS DO MAR 01,CM01,CASARIA,CSA,SISTEMA DE NAVEGAÇÃO,SNV,Carregador de baterias dos equipamentos de navegação,,,ELETRÔNICO,,,,,,,,,,,,,,,,,,,,,,,,,,,,,,,,,,,,,,,,,,,,,,,,,,,,,,,,,,,,,,
Transporte Marítmo,,OPERAÇÃO DE EMBARCAÇÕES DE PESQUISA,,EMBARCAÇÕES FROTA,,CIÊNCIAS DO MAR 01,CM01,CASARIA,CSA,SISTEMA DE NAVEGAÇÃO,SNV,Ecossonda - Fish finder,,,ELETRÔNICO,,,,,,,,,,,,,,,,,,,,,,,,,,,,,,,,,,,,,,,,,,,,,,,,,,,,,,,,,,,,,,
Transporte Marítmo,,OPERAÇÃO DE EMBARCAÇÕES DE PESQUISA,,EMBARCAÇÕES FROTA,,CIÊNCIAS DO MAR 01,CM01,CASARIA,CSA,SISTEMA DE NAVEGAÇÃO,SNV,Estação meteorológica,,,ELETRÔNICO,,,,,,,,,,,,,,,,,,,,,,,,,,,,,,,,,,,,,,,,,,,,,,,,,,,,,,,,,,,,,,
Transporte Marítmo,,OPERAÇÃO DE EMBARCAÇÕES DE PESQUISA,,EMBARCAÇÕES FROTA,,CIÊNCIAS DO MAR 01,CM01,CASARIA,CSA,SISTEMA DE NAVEGAÇÃO,SNV,GPS com plotter de cartas eletrônicas,,,ELETRÔNICO,,,,,,,,,,,,,,,,,,,,,,,,,,,,,,,,,,,,,,,,,,,,,,,,,,,,,,,,,,,,,,
Transporte Marítmo,,OPERAÇÃO DE EMBARCAÇÕES DE PESQUISA,,EMBARCAÇÕES FROTA,,CIÊNCIAS DO MAR 01,CM01,CASARIA,CSA,SISTEMA DE NAVEGAÇÃO,SNV,Hodômetro - Doppler Speed Log,,,ELETRÔNICO,,,,,,,,,,,,,,,,,,,,,,,,,,,,,,,,,,,,,,,,,,,,,,,,,,,,,,,,,,,,,,
Transporte Marítmo,,OPERAÇÃO DE EMBARCAÇÕES DE PESQUISA,,EMBARCAÇÕES FROTA,,CIÊNCIAS DO MAR 01,CM01,CASARIA,CSA,SISTEMA DE NAVEGAÇÃO,SNV,Piloto automático,,,ELETRÔNICO,,,,,,,,,,,,,,,,,,,,,,,,,,,,,,,,,,,,,,,,,,,,,,,,,,,,,,,,,,,,,,
Transporte Marítmo,,OPERAÇÃO DE EMBARCAÇÕES DE PESQUISA,,EMBARCAÇÕES FROTA,,CIÊNCIAS DO MAR 01,CM01,CASARIA,CSA,SISTEMA DE NAVEGAÇÃO,SNV,Radar de Varredura,,,ELETRÔNICO,,,,,,,,,,,,,,,,,,,,,,,,,,,,,,,,,,,,,,,,,,,,,,,,,,,,,,,,,,,,,,
Transporte Marítmo,,OPERAÇÃO DE EMBARCAÇÕES DE PESQUISA,,EMBARCAÇÕES FROTA,,CIÊNCIAS DO MAR 01,CM01,CASARIA,CSA,SISTEMA DE NAVEGAÇÃO,SNV,Sonar,,,ELETRÔNICO,,,,,,,,,,,,,,,,,,,,,,,,,,,,,,,,,,,,,,,,,,,,,,,,,,,,,,,,,,,,,,
Transporte Marítmo,,OPERAÇÃO DE EMBARCAÇÕES DE PESQUISA,,EMBARCAÇÕES FROTA,,LARUS,LL,CASA DE MÁQUINAS,CMA,SISTEMA HIDRÁULICO,SHI,Bomba Hidráulica 03 (Guincho Hidráulico),,,,,,,,,,,,,,,3,,,,,,,,,,,,,,,,,,,,,,,,,,,,,,,,,,,,,,,,,,,,,,,,,,
Transporte Marítmo,,OPERAÇÃO DE EMBARCAÇÕES DE PESQUISA,,EMBARCAÇÕES FROTA,,LARUS,LL,CASA DE MÁQUINAS,CMA,SISTEMA DE PROPULSÃO,SPP,Motor de Combustão Principal 01,,,,,,,,,,,,,,LL01-SPP-MCPBE,3,,,,,,,,,,,,,,,,,,,,,,,,,,,,,,,,,,,,,,,,,,,,,,,,,,
Transporte Marítmo,,OPERAÇÃO DE EMBARCAÇÕES DE PESQUISA,,EMBARCAÇÕES FROTA,,LARUS,LL,CASA DE MÁQUINAS,CMA,SISTEMA DE PROPULSÃO,SPP,Motor de Combustão Principal 02,,,,,,,,,,,,,,LL01-SPP-MCPBB,3,,,,,,,,,,,,,,,,,,,,,,,,,,,,,,,,,,,,,,,,,,,,,,,,,,
Transporte Marítmo,,OPERAÇÃO DE EMBARCAÇÕES DE PESQUISA,,EMBARCAÇÕES FROTA,,LARUS,LL,CASA DE MÁQUINAS,CMA,SISTEMA ELÉTRICO,SEE,Alternador 01,,,,,,,,,,,,,,,3,,,,,,,,,,,,,,,,,,,,,,,,,,,,,,,,,,,,,,,,,,,,,,,,,,
Transporte Marítmo,,OPERAÇÃO DE EMBARCAÇÕES DE PESQUISA,,EMBARCAÇÕES FROTA,,LARUS,LL,CASA DE MÁQUINAS,CMA,SISTEMA ELÉTRICO,SEE,Alternador 02,,,,,,,,,,,,,,,,,,,,,,,,,,,,,,,,,,,,,,,,,,,,,,,,,,,,,,,,,,,,,,,,,
Transporte Marítmo,,OPERAÇÃO DE EMBARCAÇÕES DE PESQUISA,,EMBARCAÇÕES FROTA,,LARUS,LL,CASA DE MÁQUINAS,CMA,SISTEMA ELÉTRICO,SEE,Motogerador,,,,,,,,,,,,,,,,,,,,,,,,,,,,,,,,,,,,,,,,,,,,,,,,,,,,,,,,,,,,,,,,,
Transporte Marítmo,,OPERAÇÃO DE EMBARCAÇÕES DE PESQUISA,,EMBARCAÇÕES FROTA,,LARUS,LL,CASA DE MÁQUINAS,CMA,SISTEMA ELÉTRICO,SEE,Bateria Ignição dos Motores,,,,,,,,,,,,,,,,,,,,,,,,,,,,,,,,,,,,,,,,,,,,,,,,,,,,,,,,,,,,,,,,,
Transporte Marítmo,,OPERAÇÃO DE EMBARCAÇÕES DE PESQUISA,,EMBARCAÇÕES FROTA,,LARUS,LL,CASA DE MÁQUINAS,CMA,SISTEMA ELÉTRICO,SEE,Bateria Geral da Lancha,,,,,,,,,,,,,,,,,,,,,,,,,,,,,,,,,,,,,,,,,,,,,,,,,,,,,,,,,,,,,,,,,
Transporte Marítmo,,OPERAÇÃO DE EMBARCAÇÕES DE PESQUISA,,EMBARCAÇÕES FROTA,,LARUS,LL,CASA DE MÁQUINAS,CMA,SISTEMA DE CLIMATIZAÇÃO,SDC,Bomba Arrefecimento Motores 01,,,,,,,,,,,,,,,3,,,,,,,,,,,,,,,,,,,,,,,,,,,,,,,,,,,,,,,,,,,,,,,,,,
Transporte Marítmo,,OPERAÇÃO DE EMBARCAÇÕES DE PESQUISA,,EMBARCAÇÕES FROTA,,LARUS,LL,CASA DE MÁQUINAS,CMA,SISTEMA DE CLIMATIZAÇÃO,SDC,Bomba Arrefecimento Motores 02,,,,,,,,,,,,,,,3,,,,,,,,,,,,,,,,,,,,,,,,,,,,,,,,,,,,,,,,,,,,,,,,,,
Transporte Marítmo,,OPERAÇÃO DE EMBARCAÇÕES DE PESQUISA,,EMBARCAÇÕES FROTA,,LARUS,LL,CASA DE MÁQUINAS,CMA,SISTEMA HIDRÁULICO,SHI,Válvula Reguladora de Pressão,,,,,,,,,,,,,,,3,,,,,,,,,,,,,,,,,,,,,,,,,,,,,,,,,,,,,,,,,,,,,,,,,,
Transporte Marítmo,,OPERAÇÃO DE EMBARCAÇÕES DE PESQUISA,,EMBARCAÇÕES FROTA,,LARUS,LL,CASA DE MÁQUINAS,CMA,SISTEMA HIDRÁULICO,SHI,Bomba de Pressão D'água,,,,,,,,,,,,,,,3,,,,,,,,,,,,,,,,,,,,,,,,,,,,,,,,,,,,,,,,,,,,,,,,,,
Transporte Marítmo,,OPERAÇÃO DE EMBARCAÇÕES DE PESQUISA,,EMBARCAÇÕES FROTA,,LARUS,LL,CASA DE MÁQUINAS,CMA,SISTEMA HIDRÁULICO,SHI,Bomba de Pressão D'água,,,,,,,,,,,,,,,3,,,,,,,,,,,,,,,,,,,,,,,,,,,,,,,,,,,,,,,,,,,,,,,,,,
Transporte Marítmo,,OPERAÇÃO DE EMBARCAÇÕES DE PESQUISA,,EMBARCAÇÕES FROTA,,LARUS,LL,CASA DE MÁQUINAS,CMA,LUBRIFICAÇÃO,LUB,Filtro de Óleo Hidráulico,,,,,,,,,,,,,,,3,,,,,,,,,,,,,,,,,,,,,,,,,,,,,,,,,,,,,,,,,,,,,,,,,,
Transporte Marítmo,,OPERAÇÃO DE EMBARCAÇÕES DE PESQUISA,,EMBARCAÇÕES FROTA,,LARUS,LL,CASA DE MÁQUINAS,CMA,SISTEMA ELÉTRICO,SEE,Inversor de energia,,,,,,,,,,,,,,,3,,,,,,,,,,,,,,,,,,,,,,,,,,,,,,,,,,,,,,,,,,,,,,,,,,
Transporte Marítmo,,OPERAÇÃO DE EMBARCAÇÕES DE PESQUISA,,EMBARCAÇÕES FROTA,,LARUS,LL,CASA DE MÁQUINAS,CMA,SISTEMA ELÉTRICO,SEE,Gerador,,,,,,,,,,,,,,,3,,,,,,,,,,,,,,,,,,,,,,,,,,,,,,,,,,,,,,,,,,,,,,,,,,
Transporte Marítmo,,OPERAÇÃO DE EMBARCAÇÕES DE PESQUISA,,EMBARCAÇÕES FROTA,,LARUS,LL,CASA DE MÁQUINAS,CMA,SISTEMA ELÉTRICO,SEE,Gerador,,,,,,,,,,,,,,,3,,,,,,,,,,,,,,,,,,,,,,,,,,,,,,,,,,,,,,,,,,,,,,,,,,
Transporte Marítmo,,OPERAÇÃO DE EMBARCAÇÕES DE PESQUISA,,EMBARCAÇÕES FROTA,,LARUS,LL,CASA DE MÁQUINAS,CMA,SISTEMA ELÉTRICO,SEE,Gerador,,,,,,,,,,,,,,,3,,,,,,,,,,,,,,,,,,,,,,,,,,,,,,,,,,,,,,,,,,,,,,,,,,
Transporte Marítmo,,OPERAÇÃO DE EMBARCAÇÕES DE PESQUISA,,EMBARCAÇÕES FROTA,,LARUS,LL,POPA,PPA,SISTEMA DE MOVIMENTAÇÃO,MOV,Guincho de Popa,,,,,,,,,,,,,,,,,,,,,,,,,,,,,,,,,,,,,,,,,,,,,,,,,,,,,,,,,,,,,,,,,
Transporte Marítmo,,OPERAÇÃO DE EMBARCAÇÕES DE PESQUISA,,EMBARCAÇÕES FROTA,,LARUS,LL,CASA DE MÁQUINAS,CMA,SISTEMA ELÉTRICO,SEE,Gerador,,,,,,,,,,,,,,,3,,,,,,,,,,,,,,,,,,,,,,,,,,,,,,,,,,,,,,,,,,,,,,,,,,
Transporte Marítmo,,OPERAÇÃO DE EMBARCAÇÕES DE PESQUISA,,EMBARCAÇÕES FROTA,,LARUS,LL,PROA,PRA,SISTEMA DE FUNDEIO,SAN,Acoplamento da Âncora,,,,,,,,,,,,,,,,,,,,,,,,,,,,,,,,,,,,,,,,,,,,,,,,,,,,,,,,,,,,,,,,,
,,,,,,LARUS,LL,PROA,PRA,SISTEMA DE FUNDEIO,SAN,Âncora da Lancha Larus,,,,,,,,,,,,,,,,,,,,,,,,,,,,,,,,,,,,,,,,,,,,,,,,,,,,,,,,,,,,,,,,,
,,,,,,LARUS,LL,CASA DE MÁQUINAS,CMA,SISTEMA ELÉTRICO,SEE,Gerador,,,,,,,,,,,,,,,3,,,,,,,,,,,,,,,,,,,,,,,,,,,,,,,,,,,,,,,,,,,,,,,,,,
,,,,,,LARUS,LL,CASA DE MÁQUINAS,CMA,SISTEMA ELÉTRICO,SEE,Gerador,,,,,,,,,,,,,,,3,,,,,,,,,,,,,,,,,,,,,,,,,,,,,,,,,,,,,,,,,,,,,,,,,,
,,,,,,LARUS,LL,CASA DE MÁQUINAS,CMA,SISTEMA ELÉTRICO,SEE,Gerador,,,,,,,,,,,,,,,3,,,,,,,,,,,,,,,,,,,,,,,,,,,,,,,,,,,,,,,,,,,,,,,,,,
,,,,,,LARUS,LL,CASA DE MÁQUINAS,CMA,SISTEMA AUXILIAR,SAX,Tanque Reservatório 01 (Água Fria),,,,,,,,,,,,,,,3,,,,,,,,,,,,,,,,,,,,,,,,,,,,,,,,,,,,,,,,,,,,,,,,,,
,,,,,,LARUS,LL,CASA DE MÁQUINAS,CMA,SISTEMA AUXILIAR,SAX,Tanque Reservatório 02 (Água Quente),,,,,,,,,,,,,,,3,,,,,,,,,,,,,,,,,,,,,,,,,,,,,,,,,,,,,,,,,,,,,,,,,,
,,,,,,LARUS,LL,CASA DE MÁQUINAS,CMA,SISTEMA AUXILIAR,SAX,Válvula On/Off (Pressostática),,,,,,,,,,,,,,,3,,,,,,,,,,,,,,,,,,,,,,,,,,,,,,,,,,,,,,,,,,,,,,,,,,
,,,,,,LARUS,LL,CASA DE MÁQUINAS,CMA,SISTEMA AUXILIAR,SAX,Filtro Decantador (Separador Água/Óleo),,,,,,,,,,,,,,,3,,,,,,,,,,,,,,,,,,,,,,,,,,,,,,,,,,,,,,,,,,,,,,,,,,
,,,,,,LARUS,LL,CASA DE MÁQUINAS,CMA,,,Caixa redutora??? de onde?,,,,,,,,,,,,,,,3,,,,,,,,,,,,,,,,,,,,,,,,,,,,,,,,,,,,,,,,,,,,,,,,,,
,,,,,,LARUS,LL,,,,,"Bomba de água salgada 2 BB, BO.",,,,,,,,,,,,,,LL01-SHA,,,,,,,,,,,,,,,,,,,,,,,,,,,,,,,,,,,,,,,,,,,,,,,,,,,
,,,,,,LARUS,LL,,,,,Guincho de Pesca,,,,,,,,,,,,,,LL01-SHI,,,,,,,,,,,,,,,,,,,,,,,,,,,,,,,,,,,,,,,,,,,,,,,,,,,
,,,,,,LARUS,LL,,,,,Guincho de Molinete,,,,,,,,,,,,,,LL01-SHI,,,,,,,,,,,,,,,,,,,,,,,,,,,,,,,,,,,,,,,,,,,,,,,,,,,
,,,,,,LARUS,LL,,,,,Caixa Reversora ZF 220BE,,,,,,,,,,,,,,LL01-SPP-REVBE,,,,,,,,,,,,,,,,,,,,,,,,,,,,,,,,,,,,,,,,,,,,,,,,,,,
,,,,,,LARUS,LL,,,,,Caixa Reversora ZF 220BB,,,,,,,,,,,,,,LL01-SPP-REVBB,,,,,,,,,,,,,,,,,,,,,,,,,,,,,,,,,,,,,,,,,,,,,,,,,,,
,,,,,,LARUS,LL,,,,,"Sistema Hidráulico (O sistema hidraulico é nomeado de forma generica nos registros antigos, precisamos subdividir os equipamentos componentes desse sistema: Bombas, acionamentos, reservatório e etc)",,,,,"Colocar aqui, posteriormente a validação do nivel equipamentos todas as válvulas de todos os sistemas",,,,,,,,,,,,,,,,,,,,,,,,,,,,,,,,,,,,,,,,,,,,,,,,,,,,,,,,,,,,
,,,,,,LARUS,LL,,,,,Bombas maceradoras dos sanitários,,,,,,,,,,,,,,,,,,,,,,,,,,,,,,,,,,,,,,,,,,,,,,,,,,,,,,,,,,,,,,,,,
,,,,,,LARUS,LL,,,,,"Bombas de paiol de proa, corredor, 2 SM e popa",,,,,,,,,,,,,,,,,,,,,,,,,,,,,,,,,,,,,,,,,,,,,,,,,,,,,,,,,,,,,,,,,
,,,,,,LARUS,LL,,,,,Terminais de baterias,,,,,,,,,,,,,,,,,,,,,,,,,,,,,,,,,,,,,,,,,,,,,,,,,,,,,,,,,,,,,,,,,
,,,,,,LARUS,LL,,,,,Arrefecimento por quilha (???),,,,,,,,,,,,,,,,,,,,,,,,,,,,,,,,,,,,,,,,,,,,,,,,,,,,,,,,,,,,,,,,,
,,,,,,LARUS,LL,,,,,Motor Hidráulico de içamento de âncora,,,,,,,,,,,,,,,,,,,,,,,,,,,,,,,,,,,,,,,,,,,,,,,,,,,,,,,,,,,,,,,,,
,,,,,,LARUS,LL,,,,,Motor Hidráulico do Guincho,,,,,,,,,,,,,,,,,,,,,,,,,,,,,,,,,,,,,,,,,,,,,,,,,,,,,,,,,,,,,,,,,
,,,,,,LARUS,LL,,,,,Tanques reservatórios de óleo diesel,,,,,,,,,,,,,,,,,,,,,,,,,,,,,,,,,,,,,,,,,,,,,,,,,,,,,,,,,,,,,,,,,
,,,,,,LARUS,LL,,,,,Pórtico e A-frame é a mesma coisa?,,,,,,,,,,,,,,,,,,,,,,,,,,,,,,,,,,,,,,,,,,,,,,,,,,,,,,,,,,,,,,,,,
,,,,,,LARUS,LL,,,,,Sistema hidráulico do leme e timao (como classificar isso?),,,,,,,,,,,,,,,,,,,,,,,,,,,,,,,,,,,,,,,,,,,,,,,,,,,,,,,,,,,,,,,,,
,,,,,,LARUS,LL,,,,,"Caixa redutora do guincho de pesca (Denominada em um arquivo denominado ""Sistema Hidráulico"" da lancha larus como Caixa de Cambio)",,,,,,,,,,,,,,,,,,,,,,,,,,,,,,,,,,,,,,,,,,,,,,,,,,,,,,,,,,,,,,,,,
,,,,,,LARUS,LL,,,,,Tambor do guincho de pesca,,,,,,,,,,,,,,,,,,,,,,,,,,,,,,,,,,,,,,,,,,,,,,,,,,,,,,,,,,,,,,,,,
,,,,,,LARUS,LL,,,,,O Freio do guincho será classificado?,,,,,,,,,,,,,,,,,,,,,,,,,,,,,,,,,,,,,,,,,,,,,,,,,,,,,,,,,,,,,,,,,
,,,,,,LARUS,LL,,,,,Turbocompressor,,,,,,,,,,,,,,,,,,,,,,,,,,,,,,,,,,,,,,,,,,,,,,,,,,,,,,,,,,,,,,,,,
,,,,,,LARUS,LL,,,,,Trocador de calor,,,,,,,,,,,,,,,,,,,,,,,,,,,,,,,,,,,,,,,,,,,,,,,,,,,,,,,,,,,,,,,,,
,,,,,,LARUS,LL,,,,,Trocador de calor e Aftercooler,,,,,,,,,,,,,,,,,,,,,,,,,,,,,,,,,,,,,,,,,,,,,,,,,,,,,,,,,,,,,,,,,